"ID","NAME","MASTERSTATEID","MASTERCITYCATEGORYID","ADDITIONALHRA","ISACTIVE","CREATEDBY","CREATEDDATE","MODIFIEDBY","MODIFIEDDATE","ISDELETED","DELETEDBY","DELETEDDATE","ISTPTACITY"
21,"string1",0,3,0,0,"string",16-JAN-25,"",,1,"EMP001",20-JAN-25,0
22,"string",0,3,0,0,"string",16-JAN-25,"",,1,"EMP001",20-JAN-25,0
23,"hello2",2,3,89,0,"string",16-JAN-25,"string",17-JAN-25 08.38.47.753000000 AM,1,"EMP001",20-JAN-25,0
24,"Pune",2,1,3,1,"string",16-JAN-25,"",,0,"",,0
25,"string2",0,3,0,0,"string",16-JAN-25,"",,1,"EMP001",20-JAN-25,0
26,"stringqq",0,3,0,0,"string",16-JAN-25,"",,1,"EMP001",20-JAN-25,0
43,"zzz",1,3,10,0,"admin",16-JAN-25,"",17-JAN-25 06.35.35.686000000 AM,1,"EMP001",20-JAN-25,0
45,"Nagpur1",3,3,43,1,"string",16-JAN-25,"",,1,"EMP001",20-JAN-25,0
46,"nn",3,3,33,1,"string",16-JAN-25,"",,1,"EMP001",20-JAN-25,0
56,"Pariss1",4,3,34,1,"string",16-JAN-25,"string",17-JAN-25 05.32.13.738000000 AM,1,"EMP001",20-JAN-25,0
72,"Nashika",2,3,45,1,"string",17-JAN-25,"string",17-JAN-25 08.41.13.710000000 AM,1,"",,0
127,"Delhii",5,3,23,1,"EMP001",20-JAN-25,"EMP001",20-JAN-25 06.57.46.161000000 AM,1,"EMP001",20-JAN-25,0
228,"Kadapa1",1,3,12,0,"EMP001",22-JAN-25,"",,1,"",,0
233,"Nashiki",14,3,32,0,"EMP001",22-JAN-25,"",,1,"",,0
1345,"Churu",21,3,0,1,"Manual",04-FEB-25,"",,0,"",,0
1346,"Phulera",21,3,0,1,"Manual",04-FEB-25,"",,0,"",,0
1347,"Suratgarhcantt",21,3,0,1,"Manual",04-FEB-25,"",,0,"",,0
1348,"Deogarhjpr",21,3,0,1,"Manual",04-FEB-25,"",,0,"",,0
1349,"Inderpura",21,3,0,1,"Manual",04-FEB-25,"",,0,"",,0
1350,"Boondi",21,3,0,1,"Manual",04-FEB-25,"",,0,"",,0
1351,"Aruvankadu",23,3,0,1,"Manual",04-FEB-25,"",,0,"",,0
1352,"Avadicrpf",23,3,0,1,"Manual",04-FEB-25,"",,0,"",,0
1353,"Gandhinagarbsf",28,3,0,1,"Manual",04-FEB-25,"",,0,"",,0
1354,"Aradhpurbsf",28,3,0,1,"Manual",04-FEB-25,"",,0,"",,0
1355,"Gccrpfsguj",28,3,0,1,"Manual",04-FEB-25,"",,0,"",,0
1356,"Narela",29,3,0,1,"Manual",04-FEB-25,"",,0,"",,0
1357,"Pragativihar",29,3,0,1,"Manual",04-FEB-25,"",,0,"",,0
1358,"Rkpuramsec2",29,3,0,1,"Manual",04-FEB-25,"",,0,"",,0
1359,"Rajokari",29,3,0,1,"Manual",04-FEB-25,"",,0,"",,0
1360,"Sainikvihar",29,3,0,1,"Manual",04-FEB-25,"",,0,"",,0
1361,"Ankleshwarongc",7,3,0,1,"Manual",04-FEB-25,"",,0,"",,0
1362,"Dharangandhra",7,3,0,1,"Manual",04-FEB-25,"",,0,"",,0
1363,"Naliya",7,3,0,1,"Manual",04-FEB-25,"",,0,"",,0
1364,"Okha",7,3,0,1,"Manual",04-FEB-25,"",,0,"",,0
1365,"Hisarcant",8,3,0,1,"Manual",04-FEB-25,"",,0,"",,0
1366,"Gurgaon",8,3,0,1,"Manual",04-FEB-25,"",,0,"",,0
1367,"Alhilal",8,3,0,1,"Manual",04-FEB-25,"",,0,"",,0
1368,"Dharampur",8,3,0,1,"Manual",04-FEB-25,"",,0,"",,0
1369,"Bandipurbsf",30,3,0,1,"Manual",04-FEB-25,"",,0,"",,0
1370,"Baramula",30,3,0,1,"Manual",04-FEB-25,"",,0,"",,0
1371,"Pahalgaon",30,3,0,1,"Manual",04-FEB-25,"",,0,"",,0
1372,"Rahyasuchani",30,3,0,1,"Manual",04-FEB-25,"",,0,"",,0
1373,"Dhanbaddvc",10,3,0,1,"Manual",04-FEB-25,"",,0,"",,0
1374,"Ranchiccl",10,3,0,1,"Manual",04-FEB-25,"",,0,"",,0
1375,"Singharshi",10,3,0,1,"Manual",04-FEB-25,"",,0,"",,0
1376,"Gumla",10,3,0,1,"Manual",04-FEB-25,"",,0,"",,0
1377,"Khunti",10,3,0,1,"Manual",04-FEB-25,"",,0,"",,0
1378,"Yelahankarwf",11,3,0,1,"Manual",04-FEB-25,"",,0,"",,0
1379,"Bellary",11,3,0,1,"Manual",04-FEB-25,"",,0,"",,0
1380,"Rajahmundary",1,3,0,1,"Manual",04-FEB-25,"",,0,"",,0
1381,"Passigaht",2,3,0,1,"Manual",04-FEB-25,"",,0,"",,0
1382,"Bongaigaon",3,3,0,1,"Manual",04-FEB-25,"",,0,"",,0
1383,"Khanapara",3,3,0,1,"Manual",04-FEB-25,"",,0,"",,0
1384,"Lakhimpur",3,3,0,1,"Manual",04-FEB-25,"",,0,"",,0
1385,"Mangaldoi",3,3,0,1,"Manual",04-FEB-25,"",,0,"",,0
1386,"Misacantt",3,3,0,1,"Manual",04-FEB-25,"",,0,"",,0
1387,"Tezpurnoivtu",3,3,0,1,"Manual",04-FEB-25,"",,0,"",,0
1388,"Bihata",4,3,0,1,"Manual",04-FEB-25,"",,0,"",,0
1389,"Khagaria",4,3,0,1,"Manual",04-FEB-25,"",,0,"",,0
1390,"Jhaphancrpf",4,3,0,1,"Manual",04-FEB-25,"",,0,"",,0
1391,"Manendragarh",5,3,0,1,"Manual",04-FEB-25,"",,0,"",,0
1392,"Jhagrakhand",5,3,0,1,"Manual",04-FEB-25,"",,0,"",,0
1393,"Bhilaicisf",5,3,0,1,"Manual",04-FEB-25,"",,0,"",,0
1394,"Bijapurrai",5,3,0,1,"Manual",04-FEB-25,"",,0,"",,0
1395,"Begumpet",24,3,0,1,"Manual",04-FEB-25,"",,0,"",,0
1396,"Mancherial",24,3,0,1,"Manual",04-FEB-25,"",,0,"",,0
1397,"Dhalai",25,3,0,1,"Manual",04-FEB-25,"",,0,"",,0
1398,"Meerutcantsl",26,3,0,1,"Manual",04-FEB-25,"",,0,"",,0
1399,"Moradabad",26,2,0,1,"Manual",04-FEB-25,"",,0,"",,0
1400,"Vkvgaziabad",26,3,0,1,"Manual",04-FEB-25,"",,0,"",,0
1401,"Aligarh",26,2,0,1,"Manual",04-FEB-25,"",,0,"",,0
1402,"Bulandshahar",26,3,0,1,"Manual",04-FEB-25,"",,0,"",,0
1403,"Bareillyjrc",26,3,0,1,"Manual",04-FEB-25,"",,0,"",,0
1404,"Kanpurcantt",26,3,0,1,"Manual",04-FEB-25,"",,0,"",,0
1405,"Lucknowcrpf",26,3,0,1,"Manual",04-FEB-25,"",,0,"",,0
1406,"Memaura",26,3,0,1,"Manual",04-FEB-25,"",,0,"",,0
1407,"Raebareli",26,3,0,1,"Manual",04-FEB-25,"",,0,"",,0
1408,"Shivgarh",26,3,0,1,"Manual",04-FEB-25,"",,0,"",,0
1409,"Newcantts1",26,3,0,1,"Manual",04-FEB-25,"",,0,"",,0
1410,"Gorakhpurnoi",26,3,0,1,"Manual",04-FEB-25,"",,0,"",,0
1411,"Maubsb",26,3,0,1,"Manual",04-FEB-25,"",,0,"",,0
1412,"Shaktinagarntpc",26,3,0,1,"Manual",04-FEB-25,"",,0,"",,0
1413,"Dehradunoef",27,3,0,1,"Manual",04-FEB-25,"",,0,"",,0
1414,"Newtehritown",27,3,0,1,"Manual",04-FEB-25,"",,0,"",,0
1415,"Srinagarssb",27,3,0,1,"Manual",04-FEB-25,"",,0,"",,0
1416,"Ssbchampawat",27,3,0,1,"Manual",04-FEB-25,"",,0,"",,0
1417,"Adra",28,3,0,1,"Manual",04-FEB-25,"",,0,"",,0
1418,"Andal",28,3,0,1,"Manual",04-FEB-25,"",,0,"",,0
1419,"Bagdogra",28,3,0,1,"Manual",04-FEB-25,"",,0,"",,0
1420,"Panagarh",28,3,0,1,"Manual",04-FEB-25,"",,0,"",,0
1421,"Salua",28,3,0,1,"Manual",04-FEB-25,"",,0,"",,0
1422,"Krpuramdls",11,3,0,1,"Manual",04-FEB-25,"",,0,"",,0
1423,"Gauribidanur",11,3,0,1,"Manual",04-FEB-25,"",,0,"",,0
1424,"Cannanore",12,3,0,1,"Manual",04-FEB-25,"",,0,"",,0
1425,"Kasargod",12,3,0,1,"Manual",04-FEB-25,"",,0,"",,0
1426,"Adoors1",12,3,0,1,"Manual",04-FEB-25,"",,0,"",,0
1427,"Alwayenad",12,3,0,1,"Manual",04-FEB-25,"",,0,"",,0
1428,"Mallapuram",12,3,0,1,"Manual",04-FEB-25,"",,0,"",,0
1429,"Ottapalam",12,3,0,1,"Manual",04-FEB-25,"",,0,"",,0
1430,"Painavuidukki",12,3,0,1,"Manual",04-FEB-25,"",,0,"",,0
1431,"Kaduthurythy",12,3,0,1,"Manual",04-FEB-25,"",,0,"",,0
1432,"Konni",12,3,0,1,"Manual",04-FEB-25,"",,0,"",,0
1433,"Itarasi",13,3,0,1,"Manual",04-FEB-25,"",,0,"",,0
1434,"Khandwa",13,3,0,1,"Manual",04-FEB-25,"",,0,"",,0
1435,"Ratlam",13,3,0,1,"Manual",04-FEB-25,"",,0,"",,0
1436,"Kasrawad",13,3,0,1,"Manual",04-FEB-25,"",,0,"",,0
1437,"Neemuch",13,3,0,1,"Manual",04-FEB-25,"",,0,"",,0
1438,"Agarmalwa",13,3,0,1,"Manual",04-FEB-25,"",,0,"",,0
1439,"Dhana",13,3,0,1,"Manual",04-FEB-25,"",,0,"",,0
1440,"Jabalpurtfri",13,3,0,1,"Manual",04-FEB-25,"",,0,"",,0
1441,"Khamaria",13,3,0,1,"Manual",04-FEB-25,"",,0,"",,0
1442,"Jamunacolliery",13,3,0,1,"Manual",04-FEB-25,"",,0,"",,0
1443,"Singrauli",13,3,0,1,"Manual",04-FEB-25,"",,0,"",,0
1444,"Malanjkhand",13,3,0,1,"Manual",04-FEB-25,"",,0,"",,0
1445,"Lakhnadon",13,3,0,1,"Manual",04-FEB-25,"",,0,"",,0
1446,"Nagpurvsn",14,3,0,1,"Manual",04-FEB-25,"",,0,"",,0
1447,"Koliwada",14,3,0,1,"Manual",04-FEB-25,"",,0,"",,0
1448,"Punerhe",14,3,0,1,"Manual",04-FEB-25,"",,0,"",,0
1449,"Parbhani",14,3,0,1,"Manual",04-FEB-25,"",,0,"",,0
1450,"Chakpikarong",15,3,0,1,"Manual",04-FEB-25,"",,0,"",,0
1451,"Chilkains",19,3,0,1,"Manual",04-FEB-25,"",,0,"",,0
1452,"Koraput",19,3,0,1,"Manual",04-FEB-25,"",,0,"",,0
1453,"Baddowalcant",20,3,0,1,"Manual",04-FEB-25,"",,0,"",,0
1454,"Suranassi",20,3,0,1,"Manual",04-FEB-25,"",,0,"",,0
1455,"Jodhpurbanar",21,3,0,1,"Manual",04-FEB-25,"",,0,"",,0
1456,"Sikar",21,3,0,1,"Manual",04-FEB-25,"",,0,"",,0
1457,"Suratgarhstps",21,3,0,1,"Manual",04-FEB-25,"",,0,"",,0
1458,"Khetrinagar",21,3,0,1,"Manual",04-FEB-25,"",,0,"",,0
1459,"Khajuwalabsf",21,3,0,1,"Manual",04-FEB-25,"",,0,"",,0
1460,"Jalore",21,3,0,1,"Manual",04-FEB-25,"",,0,"",,0
1461,"Dholpur",21,3,0,1,"Manual",04-FEB-25,"",,0,"",,0
1462,"Tinwari",21,3,0,1,"Manual",04-FEB-25,"",,0,"",,0
1463,"Gangtok",22,3,0,1,"Manual",04-FEB-25,"",,0,"",,0
1464,"Teestanhpc",22,3,0,1,"Manual",04-FEB-25,"",,0,"",,0
1465,"Arakkonam",23,3,0,1,"Manual",04-FEB-25,"",,0,"",,0
1466,"Wellington",23,3,0,1,"Manual",04-FEB-25,"",,0,"",,0
1467,"Gillnagar",23,3,0,1,"Manual",04-FEB-25,"",,0,"",,0
1468,"Tambaram",23,3,0,1,"Manual",04-FEB-25,"",,0,"",,0
2,"Nellore1",1,3,30,1,"admin",15-JAN-25,"string",17-JAN-25 08.39.32.429000000 AM,1,"",,0
41,"Kadapa2",1,3,20,1,"admin",16-JAN-25,"string",17-JAN-25 08.39.42.269000000 AM,1,"",,0
44,"Nagpur1a",3,3,43,0,"string",16-JAN-25,"",,1,"EMP001",20-JAN-25,0
47,"xyz1",3,3,33,1,"string",16-JAN-25,"",17-JAN-25 06.25.46.511000000 AM,1,"EMP001",20-JAN-25,0
63,"Parisa",3,3,56,1,"string",17-JAN-25,"",17-JAN-25 06.25.37.208000000 AM,1,"EMP001",20-JAN-25,0
71,"Bombay",3,3,67,1,"string",17-JAN-25,"string",17-JAN-25 08.41.28.221000000 AM,1,"",,0
73,"nnnn",3,3,34,1,"string",17-JAN-25,"",17-JAN-25 08.38.35.841000000 AM,1,"EMP001",20-JAN-25,0
83,"Paris",3,3,18,0,"string",17-JAN-25,"EMP001",22-JAN-25 12.34.22.394000000 PM,1,"EMP001",22-JAN-25,0
126,"Delhiw",5,3,23,1,"EMP001",20-JAN-25,"",,1,"EMP001",20-JAN-25,0
226,"Satara",13,3,1,1,"EMP001",22-JAN-25,"EMP001",22-JAN-25 01.04.50.499000000 PM,0,"",,0
1469,"Ranaghat",28,3,0,1,"Manual",04-FEB-25,"",,0,"",,0
1470,"Krishnanagarbsf",28,3,0,1,"Manual",04-FEB-25,"",,0,"",,0
1471,"Silvasa",35,3,0,1,"Manual",04-FEB-25,"",,0,"",,0
1472,"Bawana",29,3,0,1,"Manual",04-FEB-25,"",,0,"",,0
1473,"Chhawalacamp",29,3,0,1,"Manual",04-FEB-25,"",,0,"",,0
1474,"Golemarket",29,3,0,1,"Manual",04-FEB-25,"",,0,"",,0
1475,"Inacolony",29,3,0,1,"Manual",04-FEB-25,"",,0,"",,0
1476,"Lawranceroad",29,3,0,1,"Manual",04-FEB-25,"",,0,"",,0
1477,"Newmehrauliroad",29,3,0,1,"Manual",04-FEB-25,"",,0,"",,0
1478,"Rkpuramsec4",29,3,0,1,"Manual",04-FEB-25,"",,0,"",,0
1479,"Khicharipur",29,3,0,1,"Manual",04-FEB-25,"",,0,"",,0
1480,"Shakurbasti",29,3,0,1,"Manual",04-FEB-25,"",,0,"",,0
1481,"Ponda",14,3,0,1,"Manual",04-FEB-25,"",,0,"",,0
1482,"Samana",7,3,0,1,"Manual",04-FEB-25,"",,0,"",,0
1483,"Porbander",7,3,0,1,"Manual",04-FEB-25,"",,0,"",,0
1484,"Viramgaon",7,3,0,1,"Manual",04-FEB-25,"",,0,"",,0
1485,"Godhra",7,3,0,1,"Manual",04-FEB-25,"",,0,"",,0
1486,"Sainjkullu",8,3,0,1,"Manual",04-FEB-25,"",,0,"",,0
1487,"Shimla",8,3,0,1,"Manual",04-FEB-25,"",,0,"",,0
1488,"Kargil",30,3,0,1,"Manual",04-FEB-25,"",,0,"",,0
1489,"Jourian",30,3,0,1,"Manual",04-FEB-25,"",,0,"",,0
1490,"Bokarothermal",10,3,0,1,"Manual",04-FEB-25,"",,0,"",,0
1491,"Jagjeevanngr",10,3,0,1,"Manual",04-FEB-25,"",,0,"",,0
1492,"Meghahatuburu",10,3,0,1,"Manual",04-FEB-25,"",,0,"",,0
1493,"Barkakana",10,3,0,1,"Manual",04-FEB-25,"",,0,"",,0
1494,"Dumka",10,3,0,1,"Manual",04-FEB-25,"",,0,"",,0
1495,"Kvkoderma",10,3,0,1,"Manual",04-FEB-25,"",,0,"",,0
1496,"Hebbal",11,3,0,1,"Manual",04-FEB-25,"",,0,"",,0
1497,"Hubli",11,3,0,1,"Manual",04-FEB-25,"",,0,"",,0
1498,"Mangalore",11,2,0,1,"Manual",04-FEB-25,"",,0,"",,0
1499,"Bagalkot",11,3,0,1,"Manual",04-FEB-25,"",,0,"",,0
1500,"Tirupati",1,3,0,1,"Manual",04-FEB-25,"",,0,"",,0
1501,"Kakinada",1,3,0,1,"Manual",04-FEB-25,"",,0,"",,0
1502,"Vizagnad",1,3,0,1,"Manual",04-FEB-25,"",,0,"",,0
1503,"Vizianagaram",1,3,0,1,"Manual",04-FEB-25,"",,0,"",,0
1504,"Vijayanagaram",1,3,0,1,"Manual",04-FEB-25,"",,0,"",,0
1505,"Tengavalley",2,3,0,1,"Manual",04-FEB-25,"",,0,"",,0
1506,"Hauliang",2,3,0,1,"Manual",04-FEB-25,"",,0,"",,0
1507,"Barpeta",3,3,0,1,"Manual",04-FEB-25,"",,0,"",,0
1508,"Digaru",3,3,0,1,"Manual",04-FEB-25,"",,0,"",,0
1509,"Nagaon",3,3,0,1,"Manual",04-FEB-25,"",,0,"",,0
1510,"Lokra",3,3,0,1,"Manual",04-FEB-25,"",,0,"",,0
1511,"Sibsagar",3,3,0,1,"Manual",04-FEB-25,"",,0,"",,0
1512,"Udalguri",3,3,0,1,"Manual",04-FEB-25,"",,0,"",,0
1513,"Rangiyanfrly",3,3,0,1,"Manual",04-FEB-25,"",,0,"",,0
1514,"Dholcherabsf",3,3,0,1,"Manual",04-FEB-25,"",,0,"",,0
1515,"Dinjan",3,3,0,1,"Manual",04-FEB-25,"",,0,"",,0
1516,"Ainwan",4,3,0,1,"Manual",04-FEB-25,"",,0,"",,0
1517,"Garhara",4,3,0,1,"Manual",04-FEB-25,"",,0,"",,0
1518,"Kahalgaonntpc",4,3,0,1,"Manual",04-FEB-25,"",,0,"",,0
1519,"Kishanganjbsf",4,3,0,1,"Manual",04-FEB-25,"",,0,"",,0
1520,"Muzzaffarpurs1",4,3,0,1,"Manual",04-FEB-25,"",,0,"",,0
1521,"Danapurcants1",4,3,0,1,"Manual",04-FEB-25,"",,0,"",,0
1522,"Pusarau",4,3,0,1,"Manual",04-FEB-25,"",,0,"",,0
1523,"Banka",4,3,0,1,"Manual",04-FEB-25,"",,0,"",,0
1524,"Saranbelacwp",4,3,0,1,"Manual",04-FEB-25,"",,0,"",,0
1525,"Kanker",5,3,0,1,"Manual",04-FEB-25,"",,0,"",,0
1526,"Rajnandgaon",5,3,0,1,"Manual",04-FEB-25,"",,0,"",,0
1527,"Nayaraipur",5,3,0,1,"Manual",04-FEB-25,"",,0,"",,0
1528,"Mandapamcamp",23,3,0,1,"Manual",04-FEB-25,"",,0,"",,0
1529,"Virudunagar",23,3,0,1,"Manual",04-FEB-25,"",,0,"",,0
1530,"Thiruvarur",23,3,0,1,"Manual",04-FEB-25,"",,0,"",,0
1531,"Shivgangai",23,3,0,1,"Manual",04-FEB-25,"",,0,"",,0
1532,"Drdokanchanbagh",24,3,0,1,"Manual",04-FEB-25,"",,0,"",,0
1533,"Bolarum",24,3,0,1,"Manual",04-FEB-25,"",,0,"",,0
1534,"Fshakimpet",24,3,0,1,"Manual",04-FEB-25,"",,0,"",,0
1535,"Medakof",24,3,0,1,"Manual",04-FEB-25,"",,0,"",,0
1536,"Taliamurabsf",25,3,0,1,"Manual",04-FEB-25,"",,0,"",,0
1537,"Hindon",26,3,0,1,"Manual",04-FEB-25,"",,0,"",,0
1538,"Agracantt",26,3,0,1,"Manual",04-FEB-25,"",,0,"",,0
1539,"Jhansicant",26,3,0,1,"Manual",04-FEB-25,"",,0,"",,0
1540,"Mahoba",26,3,0,1,"Manual",04-FEB-25,"",,0,"",,0
1541,"Baoli",26,3,0,1,"Manual",04-FEB-25,"",,0,"",,0
1542,"Bareilly",26,2,20,1,"Manual",04-FEB-25,"EMP00849",14-FEB-25 09.23.48.378000000 AM,0,"",,0
1543,"Rakshavihar",26,3,0,1,"Manual",04-FEB-25,"",,0,"",,0
1544,"Lucknowrdso",26,3,0,1,"Manual",04-FEB-25,"",,0,"",,0
1545,"Hardoi",26,3,0,1,"Manual",04-FEB-25,"",,0,"",,0
1546,"Allahabadiiit",26,3,0,1,"Manual",04-FEB-25,"",,0,"",,0
1547,"Balliya",26,3,0,1,"Manual",04-FEB-25,"",,0,"",,0
1548,"Chopan",26,3,0,1,"Manual",04-FEB-25,"",,0,"",,0
1549,"Rihandnagarntpc",26,3,0,1,"Manual",04-FEB-25,"",,0,"",,0
1550,"Varanasidlw",26,3,0,1,"Manual",04-FEB-25,"",,0,"",,0
1551,"Dehradunfri",27,3,0,1,"Manual",04-FEB-25,"",,0,"",,0
1552,"Dehradunhbk",27,3,0,1,"Manual",04-FEB-25,"",,0,"",,0
1553,"Dharchulanhpc",27,3,0,1,"Manual",04-FEB-25,"",,0,"",,0
1554,"Raiwala",27,3,0,1,"Manual",04-FEB-25,"",,0,"",,0
1555,"Rajgarhi",27,3,0,1,"Manual",04-FEB-25,"",,0,"",,0
1556,"Alipurduarjn",28,3,0,1,"Manual",04-FEB-25,"",,0,"",,0
1557,"Burdwan",28,3,0,1,"Manual",04-FEB-25,"",,0,"",,0
1558,"Durgapurcmeri",28,3,0,1,"Manual",04-FEB-25,"",,0,"",,0
1559,"Maldanhpc",28,3,0,1,"Manual",04-FEB-25,"",,0,"",,0
1560,"Govindpurbsf",28,3,0,1,"Manual",04-FEB-25,"",,0,"",,0
1561,"Bamangachi",28,3,0,1,"Manual",04-FEB-25,"",,0,"",,0
1562,"Barrackpore",28,3,0,1,"Manual",04-FEB-25,"",,0,"",,0
1563,"Barrackporearmy",28,3,0,1,"Manual",04-FEB-25,"",,0,"",,0
1564,"Iimjoka",28,3,0,1,"Manual",04-FEB-25,"",,0,"",,0
1565,"Huttihgmcl",11,3,0,1,"Manual",04-FEB-25,"",,0,"",,0
1566,"Payyanur",12,3,0,1,"Manual",04-FEB-25,"",,0,"",,0
1567,"Tvcpattom",12,3,0,1,"Manual",04-FEB-25,"",,0,"",,0
1568,"Nileshwar",12,3,0,1,"Manual",04-FEB-25,"",,0,"",,0
1569,"Jhabuagail",13,3,0,1,"Manual",04-FEB-25,"",,0,"",,0
1570,"Narmadanagar",13,3,0,1,"Manual",04-FEB-25,"",,0,"",,0
1571,"Nepanagar",13,3,0,1,"Manual",04-FEB-25,"",,0,"",,0
1572,"Sarniwcl",13,3,0,1,"Manual",04-FEB-25,"",,0,"",,0
1573,"Vijayapurgail",13,3,0,1,"Manual",04-FEB-25,"",,0,"",,0
1574,"Sheopur",13,3,0,1,"Manual",04-FEB-25,"",,0,"",,0
1575,"Bangrasiacrpf",13,3,0,1,"Manual",04-FEB-25,"",,0,"",,0
1576,"Chanderi",13,3,0,1,"Manual",04-FEB-25,"",,0,"",,0
1577,"Multai",13,3,0,1,"Manual",04-FEB-25,"",,0,"",,0
1578,"Dhanpurisecl",13,3,0,1,"Manual",04-FEB-25,"",,0,"",,0
1579,"Jabalpurcod",13,3,0,1,"Manual",04-FEB-25,"",,0,"",,0
1580,"Katninoiof",13,3,0,1,"Manual",04-FEB-25,"",,0,"",,0
1581,"Nowrozabadsecl",13,3,0,1,"Manual",04-FEB-25,"",,0,"",,0
1582,"Shahadol",13,3,0,1,"Manual",04-FEB-25,"",,0,"",,0
1583,"Umaria",13,3,0,1,"Manual",04-FEB-25,"",,0,"",,0
1584,"Satnanoii",13,3,0,1,"Manual",04-FEB-25,"",,0,"",,0
1585,"Hatta",13,3,0,1,"Manual",04-FEB-25,"",,0,"",,0
1586,"Ojhar",14,3,0,1,"Manual",04-FEB-25,"",,0,"",,0
1587,"Karanjanad",14,3,0,1,"Manual",04-FEB-25,"",,0,"",,0
1588,"Inshamla",14,3,0,1,"Manual",04-FEB-25,"",,0,"",,0
1589,"Punesc",14,3,0,1,"Manual",04-FEB-25,"",,0,"",,0
1590,"Teligaoncrpf",14,3,0,1,"Manual",04-FEB-25,"",,0,"",,0
1591,"Churachandpur",15,3,0,1,"Manual",04-FEB-25,"",,0,"",,0
1592,"Dimapurcrpf",15,3,0,1,"Manual",04-FEB-25,"",,0,"",,0
1593,"Rangapaharcant",15,3,0,1,"Manual",04-FEB-25,"",,0,"",,0
1594,"Bbsr",19,3,0,1,"Manual",04-FEB-25,"",,0,"",,0
1595,"Dhenkanaltown",19,3,0,1,"Manual",04-FEB-25,"",,0,"",,0
28,"abc",1,3,24,0,"string",16-JAN-25,"",16-JAN-25 10.22.23.426000000 AM,1,"EMP001",20-JAN-25,0
30,"nagpur",1,2,24,1,"string",16-JAN-25,"",,0,"",,0
61,"Imphal",4,3,89,1,"string",17-JAN-25,"string",17-JAN-25 08.43.55.820000000 AM,0,"",,0
67,"kkk",2,3,34,1,"string",17-JAN-25,"",17-JAN-25 08.38.40.468000000 AM,1,"EMP001",20-JAN-25,0
69,"hello",1,3,99,1,"string",17-JAN-25,"",17-JAN-25 08.39.00.823000000 AM,1,"EMP001",20-JAN-25,0
70,"hello1",1,3,78,1,"string",17-JAN-25,"",17-JAN-25 08.38.54.539000000 AM,1,"EMP001",20-JAN-25,0
1097,"Pitampura",29,3,0,1,"Manual",04-FEB-25,"",,0,"",,0
101,"Nellore",1,2,12,0,"string",18-JAN-25,"EMP00849",20-JAN-25 09.40.56.784000000 AM,1,"",,0
102,"Atmakur",1,3,100,1,"string",18-JAN-25,"EMP00849",31-JAN-25 05.53.25.782000000 AM,0,"",,0
104,"string3",1,3,21,1,"string",18-JAN-25,"",,1,"EMP001",20-JAN-25,0
142,"Mumbai2",2,3,0,0,"EMP001",20-JAN-25,"",,1,"",,0
223,"Delhi",29,1,12,0,"EMP001",22-JAN-25,"EMP001",22-JAN-25 12.32.07.519000000 PM,1,"EMP001",22-JAN-25,0
495,"Nashik1",14,1,0,0,"EMP001",23-JAN-25,"EMP001",23-JAN-25 05.27.37.745000000 AM,1,"",,0
542,"Sivakasi",23,1,40,1,"EMP001",27-JAN-25,"",,0,"",,0
577,"Aajaraa",1,3,23,1,"EMP00849",29-JAN-25,"EMP00849",29-JAN-25 12.07.33.492000000 PM,0,"",,0
1098,"Rohinisec3",29,3,0,1,"Manual",04-FEB-25,"",,0,"",,0
1099,"Tughlakabad",29,3,0,1,"Manual",04-FEB-25,"",,0,"",,0
1100,"Drrajendra",29,3,0,1,"Manual",04-FEB-25,"",,0,"",,0
1101,"Ahmedabadcant",7,3,0,1,"Manual",04-FEB-25,"",,0,"",,0
1102,"Bhuj",7,3,0,1,"Manual",04-FEB-25,"",,0,"",,0
1103,"Himmatnagar",7,3,0,1,"Manual",04-FEB-25,"",,0,"",,0
1104,"Ambalacantt",8,3,0,1,"Manual",04-FEB-25,"",,0,"",,0
1105,"Harsingpura",8,3,0,1,"Manual",04-FEB-25,"",,0,"",,0
1106,"Nahara",8,3,0,1,"Manual",04-FEB-25,"",,0,"",,0
1107,"Paluwas",8,3,0,1,"Manual",04-FEB-25,"",,0,"",,0
1108,"Nadaun",8,3,0,1,"Manual",04-FEB-25,"",,0,"",,0
1109,"Naleti",8,3,0,1,"Manual",04-FEB-25,"",,0,"",,0
1110,"Yolcantt",8,3,0,1,"Manual",04-FEB-25,"",,0,"",,0
1111,"Sandhol",8,3,0,1,"Manual",04-FEB-25,"",,0,"",,0
1112,"Badarwah",30,3,0,1,"Manual",04-FEB-25,"",,0,"",,0
1113,"Jammu",30,2,0,1,"Manual",04-FEB-25,"",,0,"",,0
1114,"Miransahib",30,3,0,1,"Manual",04-FEB-25,"",,0,"",,0
1115,"Nubra",30,3,0,1,"Manual",04-FEB-25,"",,0,"",,0
1116,"Srinagar",30,2,0,1,"Manual",04-FEB-25,"",,0,"",,0
1117,"Humhamabsf",30,3,0,1,"Manual",04-FEB-25,"",,0,"",,0
1118,"Hinoor",10,3,0,1,"Manual",04-FEB-25,"",,0,"",,0
1119,"Tatanagar",10,3,0,1,"Manual",04-FEB-25,"",,0,"",,0
1120,"Chatra",10,3,0,1,"Manual",04-FEB-25,"",,0,"",,0
1121,"Palamu",10,3,0,1,"Manual",04-FEB-25,"",,0,"",,0
1122,"Sadalaga",11,3,0,1,"Manual",04-FEB-25,"",,0,"",,0
1123,"Megcentre",11,3,0,1,"Manual",04-FEB-25,"",,0,"",,0
1124,"Belgaumcantb",11,3,0,1,"Manual",04-FEB-25,"",,0,"",,0
1125,"Gulbarga",11,2,0,1,"Manual",04-FEB-25,"",,0,"",,0
1126,"Hospet",11,3,0,1,"Manual",04-FEB-25,"",,0,"",,0
1127,"Shimoga",11,3,0,1,"Manual",04-FEB-25,"",,0,"",,0
1128,"Nausenabagh",1,3,0,1,"Manual",04-FEB-25,"",,0,"",,0
1129,"Steelproject",1,3,0,1,"Manual",04-FEB-25,"",,0,"",,0
1130,"Roing",2,3,0,1,"Manual",04-FEB-25,"",,0,"",,0
1131,"Guwahatiioc",3,3,0,1,"Manual",04-FEB-25,"",,0,"",,0
1132,"Jagiroadhpc",3,3,0,1,"Manual",04-FEB-25,"",,0,"",,0
1133,"Panbaribsf",3,3,0,1,"Manual",04-FEB-25,"",,0,"",,0
1134,"Lumding",3,3,0,1,"Manual",04-FEB-25,"",,0,"",,0
1135,"Rangaparanfr",3,3,0,1,"Manual",04-FEB-25,"",,0,"",,0
1136,"Karimgunj",3,3,0,1,"Manual",04-FEB-25,"",,0,"",,0
1137,"Lekhapani",3,3,0,1,"Manual",04-FEB-25,"",,0,"",,0
1138,"Katihar",4,3,0,1,"Manual",04-FEB-25,"",,0,"",,0
1139,"Khagol",4,3,0,1,"Manual",04-FEB-25,"",,0,"",,0
1140,"Sheohar",4,3,0,1,"Manual",04-FEB-25,"",,0,"",,0
1141,"Jhajha",4,3,0,1,"Manual",04-FEB-25,"",,0,"",,0
1142,"Baikuntpur",5,3,0,1,"Manual",04-FEB-25,"",,0,"",,0
1143,"Chirimirisecl",5,3,0,1,"Manual",04-FEB-25,"",,0,"",,0
1144,"Dhamtari",5,3,0,1,"Manual",04-FEB-25,"",,0,"",,0
1145,"Dharmpuri",23,3,0,1,"Manual",04-FEB-25,"",,0,"",,0
1146,"Pidayapatti",23,3,0,1,"Manual",04-FEB-25,"",,0,"",,0
1147,"Uppal",24,3,0,1,"Manual",04-FEB-25,"",,0,"",,0
1148,"Picket",24,3,0,1,"Manual",04-FEB-25,"",,0,"",,0
1149,"Mahbubabad",24,3,0,1,"Manual",04-FEB-25,"",,0,"",,0
1150,"Siricila",24,3,0,1,"Manual",04-FEB-25,"",,0,"",,0
1151,"Miryalguda",24,3,0,1,"Manual",04-FEB-25,"",,0,"",,0
1152,"Kailashahar",25,3,0,1,"Manual",04-FEB-25,"",,0,"",,0
1153,"Meerutcantpl",26,3,0,1,"Manual",04-FEB-25,"",,0,"",,0
1154,"Dadrintpc",26,3,0,1,"Manual",04-FEB-25,"",,0,"",,0
1155,"Talbehat",26,3,0,1,"Manual",04-FEB-25,"",,0,"",,0
1156,"Lalitpur",26,3,0,1,"Manual",04-FEB-25,"",,0,"",,0
1157,"Shahjahanpur",26,3,0,1,"Manual",04-FEB-25,"",,0,"",,0
1158,"Dibiyapur",26,3,0,1,"Manual",04-FEB-25,"",,0,"",,0
1159,"Fatehgarh",26,3,0,1,"Manual",04-FEB-25,"",,0,"",,0
1160,"Gomtinagar",26,3,0,1,"Manual",04-FEB-25,"",,0,"",,0
1161,"59ssbnanpara",26,3,0,1,"Manual",04-FEB-25,"",,0,"",,0
1162,"Sumerpur",26,3,0,1,"Manual",04-FEB-25,"",,0,"",,0
1163,"Allahabadchheoki",26,3,0,1,"Manual",04-FEB-25,"",,0,"",,0
1164,"Gangrani",26,3,0,1,"Manual",04-FEB-25,"",,0,"",,0
1165,"Banbasa",27,3,0,1,"Manual",04-FEB-25,"",,0,"",,0
1166,"Dehradunima",27,3,0,1,"Manual",04-FEB-25,"",,0,"",,0
1167,"Dehradunraipur",27,3,0,1,"Manual",04-FEB-25,"",,0,"",,0
1168,"Mukteshwarivri",27,3,0,1,"Manual",04-FEB-25,"",,0,"",,0
1169,"Rishikesh",27,3,0,1,"Manual",04-FEB-25,"",,0,"",,0
1170,"Gopeshwar",27,3,0,1,"Manual",04-FEB-25,"",,0,"",,0
1171,"Chikodi",11,3,0,1,"Manual",04-FEB-25,"",,0,"",,0
1172,"Kasragod",12,3,0,1,"Manual",04-FEB-25,"",,0,"",,0
1173,"Kottayam",12,3,0,1,"Manual",04-FEB-25,"",,0,"",,0
1174,"Tvcpangode",12,3,0,1,"Manual",04-FEB-25,"",,0,"",,0
1175,"Bairagarh",12,3,0,1,"Manual",04-FEB-25,"",,0,"",,0
1176,"Dewas",12,3,0,1,"Manual",04-FEB-25,"",,0,"",,0
1177,"Khargone",13,3,0,1,"Manual",04-FEB-25,"",,0,"",,0
1178,"Shivpuriitbp",13,3,0,1,"Manual",04-FEB-25,"",,0,"",,0
1179,"Raisen",13,3,0,1,"Manual",04-FEB-25,"",,0,"",,0
1180,"Shamgarh",13,3,0,1,"Manual",04-FEB-25,"",,0,"",,0
1181,"Alirajpur",13,3,0,1,"Manual",04-FEB-25,"",,0,"",,0
1182,"Iitindore",13,3,0,1,"Manual",04-FEB-25,"",,0,"",,0
1183,"Satna",13,3,0,1,"Manual",04-FEB-25,"",,0,"",,0
1184,"Dindori",13,3,0,1,"Manual",04-FEB-25,"",,0,"",,0
1185,"Panna",13,3,0,1,"Manual",04-FEB-25,"",,0,"",,0
1186,"Chanderpurwcl",14,3,0,1,"Manual",04-FEB-25,"",,0,"",,0
1187,"Nagpurambajhari",14,3,0,1,"Manual",04-FEB-25,"",,0,"",,0
1188,"Newmajariwcl",14,3,0,1,"Manual",04-FEB-25,"",,0,"",,0
1189,"Pulgaoncamp",14,3,0,1,"Manual",04-FEB-25,"",,0,"",,0
1190,"Ahmednagar",14,3,0,1,"Manual",04-FEB-25,"",,0,"",,0
1191,"Jalgaonnmu",14,3,0,1,"Manual",04-FEB-25,"",,0,"",,0
1192,"Mudkhedcrpf",14,3,0,1,"Manual",04-FEB-25,"",,0,"",,0
1193,"Khadakvaslanda",14,3,0,1,"Manual",04-FEB-25,"",,0,"",,0
1194,"Sholapur",14,3,0,1,"Manual",04-FEB-25,"",,0,"",,0
1195,"Nandedscrly",14,3,0,1,"Manual",04-FEB-25,"",,0,"",,0
1196,"Wardhamgahv",14,3,0,1,"Manual",04-FEB-25,"",,0,"",,0
1197,"Washimdiet",14,3,0,1,"Manual",04-FEB-25,"",,0,"",,0
1198,"Tura",15,3,0,1,"Manual",04-FEB-25,"",,0,"",,0
1199,"Kohimacrpf",15,3,0,1,"Manual",04-FEB-25,"",,0,"",,0
1200,"Angul",19,3,0,1,"Manual",04-FEB-25,"",,0,"",,0
1201,"Khurdaroad",19,3,0,1,"Manual",04-FEB-25,"",,0,"",,0
1202,"Bolangir",19,3,0,1,"Manual",04-FEB-25,"",,0,"",,0
1203,"Paradipport",19,3,0,1,"Manual",04-FEB-25,"",,0,"",,0
1204,"Kutra",19,3,0,1,"Manual",04-FEB-25,"",,0,"",,0
1205,"Jajpur",19,3,0,1,"Manual",04-FEB-25,"",,0,"",,0
1206,"Nuapada",19,3,0,1,"Manual",04-FEB-25,"",,0,"",,0
1207,"Pondicherry",23,2,0,1,"Manual",04-FEB-25,"",,0,"",,0
1208,"Abohar",20,3,0,1,"Manual",04-FEB-25,"",,0,"",,0
1209,"Highgrounds",20,3,0,1,"Manual",04-FEB-25,"",,0,"",,0
1210,"Chandigarhsec31",20,3,0,1,"Manual",04-FEB-25,"",,0,"",,0
1211,"Adampur",20,3,0,1,"Manual",04-FEB-25,"",,0,"",,0
1212,"Gsptibricantt",20,3,0,1,"Manual",04-FEB-25,"",,0,"",,0
1213,"Jldcant",20,3,0,1,"Manual",04-FEB-25,"",,0,"",,0
1214,"Longowalsliet",20,3,0,1,"Manual",04-FEB-25,"",,0,"",,0
1215,"Antaagpp",21,3,0,1,"Manual",04-FEB-25,"",,0,"",,0
1216,"Sawaimadhopur",21,3,0,1,"Manual",04-FEB-25,"",,0,"",,0
1217,"Ramgarhbsf",21,3,0,1,"Manual",04-FEB-25,"",,0,"",,0
1218,"Tonk",21,3,0,1,"Manual",04-FEB-25,"",,0,"",,0
1219,"Chennaiclri",23,3,0,1,"Manual",04-FEB-25,"",,0,"",,0
1220,"Avadi",23,3,0,1,"Manual",04-FEB-25,"",,0,"",,0
1,"Puna",1,3,100,0,"Admin",15-JAN-25,"",16-JAN-25 07.03.54.726000000 AM,1,"EMP001",20-JAN-25,0
66,"mmw",3,3,56,1,"string",17-JAN-25,"",17-JAN-25 08.32.21.843000000 AM,1,"EMP001",20-JAN-25,0
105,"Vizag",1,1,23,1,"superadmin",18-JAN-25,"EMP00849",31-JAN-25 05.53.43.547000000 AM,0,"",,0
107,"Pariss",6,3,12,0,"superadmin",18-JAN-25,"EMP001",23-JAN-25 09.22.26.911000000 AM,1,"EMP001",23-JAN-25,0
121,"Nashik",3,2,12,0,"EMP001",20-JAN-25,"EMP001",20-JAN-25 06.51.54.878000000 AM,1,"EMP001",23-JAN-25,0
125,"Pune1",35,3,13,1,"EMP001",20-JAN-25,"EMP001",20-JAN-25 10.29.54.686000000 AM,1,"EMP001",23-JAN-25,0
161,"Kaddapa",1,3,14,0,"EMP001",20-JAN-25,"",,0,"",,0
368,"Vijayawada",1,2,0,1,"Manual",23-JAN-25,"",,0,"",,0
369,"Visakhapatnam",1,2,0,1,"Manual",23-JAN-25,"",,0,"",,0
370,"Guntur",1,2,0,1,"Manual",23-JAN-25,"",,0,"",,0
371,"Rajahmundry",1,2,0,1,"Manual",23-JAN-25,"",,0,"",,0
372,"Anantapur",1,3,0,1,"Manual",23-JAN-25,"",,0,"",,0
373,"Gooty",1,3,0,1,"Manual",23-JAN-25,"",,0,"",,0
374,"Guntakal",1,3,0,1,"Manual",23-JAN-25,"",,0,"",,0
375,"Kurnool",1,3,0,1,"Manual",23-JAN-25,"",,0,"",,0
376,"Machilipatnam",1,3,0,1,"Manual",23-JAN-25,"",,0,"",,0
377,"Bapatla",1,3,0,1,"Manual",23-JAN-25,"",,0,"",,0
378,"Guwahati",3,2,0,1,"Manual",23-JAN-25,"",,0,"",,0
379,"Jorhat",3,2,0,1,"Manual",23-JAN-25,"EMP00849",29-JAN-25 06.58.01.970000000 AM,0,"",,0
380,"Tezpur",3,2,0,1,"Manual",23-JAN-25,"",,0,"",,0
381,"Doom Dooma",3,3,0,1,"Manual",23-JAN-25,"",,0,"",,0
382,"Silchar",3,3,0,1,"Manual",23-JAN-25,"",,0,"",,0
383,"Dibrugarh",3,3,0,1,"Manual",23-JAN-25,"",,0,"",,0
384,"Patna",4,2,0,1,"Manual",23-JAN-25,"",,0,"",,0
385,"Gaya",4,2,0,1,"Manual",23-JAN-25,"",,0,"",,0
386,"Muzaffarpur",4,2,0,1,"Manual",23-JAN-25,"",,0,"",,0
387,"Bettiah",4,3,0,1,"Manual",23-JAN-25,"",,0,"",,0
388,"Buxar",4,3,0,1,"Manual",23-JAN-25,"",,0,"",,0
389,"Chapra",4,3,0,1,"Manual",23-JAN-25,"",,0,"",,0
390,"Darbhanga",4,3,0,1,"Manual",23-JAN-25,"",,0,"",,0
391,"Gopalganj",4,3,0,1,"Manual",23-JAN-25,"",,0,"",,0
392,"Hajipur",4,3,0,1,"Manual",23-JAN-25,"",,0,"",,0
393,"Raipur",5,2,0,1,"Manual",23-JAN-25,"",,0,"",,0
394,"Bhilai",5,2,0,1,"Manual",23-JAN-25,"",,0,"",,0
395,"Bilaspur",5,2,0,1,"Manual",23-JAN-25,"",,0,"",,0
396,"Dantewada",5,3,0,1,"Manual",23-JAN-25,"",,0,"",,0
397,"Korba",5,3,0,1,"Manual",23-JAN-25,"",,0,"",,0
398,"Durg",5,3,0,1,"Manual",23-JAN-25,"",,0,"",,0
399,"New Delhi",29,1,0,1,"Manual",23-JAN-25,"",,0,"",,0
400,"Panaji",6,2,0,1,"Manual",23-JAN-25,"",,0,"",,0
401,"Margao",6,3,0,1,"Manual",23-JAN-25,"",,0,"",,0
402,"Ahmedabad",7,1,0,1,"Manual",23-JAN-25,"",,0,"",,0
403,"Surat",7,2,0,1,"Manual",23-JAN-25,"",,0,"",,0
404,"Vadodara",7,2,0,1,"Manual",23-JAN-25,"",,0,"",,0
405,"Rajkot",7,2,0,1,"Manual",23-JAN-25,"",,0,"",,0
406,"Gandhidham",7,3,0,1,"Manual",23-JAN-25,"",,0,"",,0
407,"Mehsana",7,3,0,1,"Manual",23-JAN-25,"",,0,"",,0
408,"Patan",7,3,0,1,"Manual",23-JAN-25,"",,0,"",,0
409,"Gurugram",8,2,0,1,"Manual",23-JAN-25,"",,0,"",,0
410,"Faridabad",8,2,0,1,"Manual",23-JAN-25,"",,0,"",,0
411,"Ambala",8,3,0,1,"Manual",23-JAN-25,"",,0,"",,0
412,"Hisar",8,3,0,1,"Manual",23-JAN-25,"",,0,"",,0
413,"Karnal",8,3,0,1,"Manual",23-JAN-25,"",,0,"",,0
414,"Ranchi",10,2,0,1,"Manual",23-JAN-25,"",,0,"",,0
415,"Jamshedpur",10,2,0,1,"Manual",23-JAN-25,"",,0,"",,0
416,"Dhanbad",10,2,0,1,"Manual",23-JAN-25,"",,0,"",,0
417,"Bokaro",10,3,0,1,"Manual",23-JAN-25,"",,0,"",,0
418,"Hazaribagh",10,3,0,1,"Manual",23-JAN-25,"",,0,"",,0
419,"Giridih",10,3,0,1,"Manual",23-JAN-25,"",,0,"",,0
420,"Bengaluru",11,1,0,1,"Manual",23-JAN-25,"",,0,"",,0
421,"Mysuru",11,2,0,1,"Manual",23-JAN-25,"",,0,"",,0
422,"Mangaluru",11,2,0,1,"Manual",23-JAN-25,"",,0,"",,0
423,"Hubballi",11,2,0,1,"Manual",23-JAN-25,"",,0,"",,0
424,"Belagavi",11,3,0,1,"Manual",23-JAN-25,"",,0,"",,0
425,"Dharwad",11,3,0,1,"Manual",23-JAN-25,"",,0,"",,0
426,"Udupi",11,3,0,1,"Manual",23-JAN-25,"",,0,"",,0
427,"Thiruvananthapuram",12,2,0,1,"Manual",23-JAN-25,"",,0,"",,0
428,"Kochi",12,2,0,1,"Manual",23-JAN-25,"",,0,"",,0
429,"Kozhikode",12,2,0,1,"Manual",23-JAN-25,"",,0,"",,0
430,"Thrissur",12,2,0,1,"Manual",23-JAN-25,"",,0,"",,0
431,"Palakkad",12,3,0,1,"Manual",23-JAN-25,"",,0,"",,0
432,"Kannur",12,2,0,1,"Manual",23-JAN-25,"",,0,"",,0
433,"Bhopal",13,2,0,1,"Manual",23-JAN-25,"",,0,"",,0
434,"Indore",13,2,0,1,"Manual",23-JAN-25,"",,0,"",,0
435,"Gwalior",13,2,0,1,"Manual",23-JAN-25,"",,0,"",,0
436,"Jabalpur",13,2,0,1,"Manual",23-JAN-25,"",,0,"",,0
437,"Ujjain",13,2,0,1,"Manual",23-JAN-25,"",,0,"",,0
438,"Sagar",13,3,0,1,"Manual",23-JAN-25,"",,0,"",,0
439,"Rewa",13,3,0,1,"Manual",23-JAN-25,"",,0,"",,0
440,"Mumbai",14,1,0,0,"Manual",23-JAN-25,"",,0,"",,0
443,"Nashiker",14,2,0,1,"Manual",23-JAN-25,"EMP00849",29-JAN-25 07.25.35.319000000 AM,0,"",,0
444,"Aurangabad",14,2,0,1,"Manual",23-JAN-25,"EMP00849",29-JAN-25 07.37.10.684000000 AM,0,"",,0
445,"Kolhapur",14,2,0,1,"Manual",23-JAN-25,"",,0,"",,0
446,"Solapur",14,2,0,1,"Manual",23-JAN-25,"",,0,"",,0
447,"Amravati",14,2,0,1,"Manual",23-JAN-25,"",,0,"",,0
448,"Bhubaneswar",19,2,0,1,"Manual",23-JAN-25,"",,0,"",,0
449,"Cuttack",19,2,0,1,"Manual",23-JAN-25,"",,0,"",,0
450,"Rourkela",19,2,0,1,"Manual",23-JAN-25,"",,0,"",,0
451,"Berhampur",19,3,0,1,"Manual",23-JAN-25,"",,0,"",,0
452,"Sambalpur",19,3,0,1,"Manual",23-JAN-25,"",,0,"",,0
453,"Balasore",19,3,0,1,"Manual",23-JAN-25,"",,0,"",,0
454,"Amritsar",20,2,0,1,"Manual",23-JAN-25,"",,0,"",,0
455,"Ludhiana",20,2,0,1,"Manual",23-JAN-25,"",,0,"",,0
456,"Jalandhar",20,2,0,1,"Manual",23-JAN-25,"",,0,"",,0
457,"Patiala",20,3,0,1,"Manual",23-JAN-25,"",,0,"",,0
458,"Bathinda",20,3,0,1,"Manual",23-JAN-25,"",,0,"",,0
459,"Ferozepur",20,3,0,1,"Manual",23-JAN-25,"",,0,"",,0
460,"Jaipur",21,2,0,1,"Manual",23-JAN-25,"",,0,"",,0
461,"Jodhpur",21,2,0,1,"Manual",23-JAN-25,"",,0,"",,0
462,"Udaipur",21,2,0,1,"Manual",23-JAN-25,"",,0,"",,0
463,"Ajmer",21,2,0,1,"Manual",23-JAN-25,"",,0,"",,0
464,"Bikaner",21,2,0,1,"Manual",23-JAN-25,"",,0,"",,0
465,"Kota",21,2,0,1,"Manual",23-JAN-25,"",,0,"",,0
466,"Chennai",23,1,0,1,"Manual",23-JAN-25,"",,1,"",,0
467,"Coimbatore",23,2,0,1,"Manual",23-JAN-25,"",,0,"",,0
468,"Madurai",23,2,0,1,"Manual",23-JAN-25,"",,0,"",,0
469,"Tiruchirappalli",23,2,0,1,"Manual",23-JAN-25,"",,0,"",,0
470,"Salem",23,2,0,1,"Manual",23-JAN-25,"",,0,"",,0
471,"Erode",23,2,0,1,"Manual",23-JAN-25,"",,0,"",,0
472,"Vellore",23,3,0,1,"Manual",23-JAN-25,"",,0,"",,0
473,"Hyderabad",24,1,0,1,"Manual",23-JAN-25,"",,0,"",,0
474,"Warangal",24,2,0,1,"Manual",23-JAN-25,"",,0,"",,0
475,"Nizamabad",24,2,0,1,"Manual",23-JAN-25,"",,0,"",,0
476,"Karimnagar",24,3,0,1,"Manual",23-JAN-25,"",,0,"",,0
477,"Khammam",24,3,0,1,"Manual",23-JAN-25,"",,0,"",,0
478,"Lucknow",26,2,0,1,"Manual",23-JAN-25,"",,0,"",,0
479,"Kanpur",26,2,0,1,"Manual",23-JAN-25,"",,0,"",,0
480,"Agra",26,2,20,1,"Manual",23-JAN-25,"EMP00849",14-FEB-25 09.21.49.220000000 AM,0,"",,0
481,"Varanasi",26,2,0,1,"Manual",23-JAN-25,"",,0,"",,0
482,"Allahabad",26,2,0,1,"Manual",23-JAN-25,"",,0,"",,0
483,"Meerut",26,2,0,1,"Manual",23-JAN-25,"",,0,"",,0
484,"Gorakhpur",26,2,0,1,"Manual",23-JAN-25,"",,0,"",,0
485,"Dehradun",27,2,0,1,"Manual",23-JAN-25,"",,0,"",,0
486,"Haridwar",27,3,0,1,"Manual",23-JAN-25,"",,0,"",,0
487,"Haldwani",27,3,0,1,"Manual",23-JAN-25,"",,0,"",,0
488,"Roorkee",27,3,0,1,"Manual",23-JAN-25,"",,0,"",,0
489,"Kolkata",28,1,0,1,"Manual",23-JAN-25,"",,0,"",,0
490,"Asansol",28,2,0,1,"Manual",23-JAN-25,"",,0,"",,0
491,"Siliguri",28,2,0,1,"Manual",23-JAN-25,"",,0,"",,0
492,"Durgapur",28,2,0,1,"Manual",23-JAN-25,"",,0,"",,0
493,"Kharagpur",28,3,0,1,"Manual",23-JAN-25,"",,0,"",,0
494,"Haldia",28,3,0,1,"Manual",23-JAN-25,"",,0,"",,0
571,"Shiman",1,3,10,1,"EMP001",29-JAN-25,"EMP00849",31-JAN-25 05.54.36.616000000 AM,0,"",,0
574,"Shim",1,3,10,1,"EMP001",29-JAN-25,"EMP00849",29-JAN-25 07.37.57.937000000 AM,0,"",,0
583,"bihar",4,3,6,1,"EMP00849",29-JAN-25,"EMP00849",29-JAN-25 07.14.15.295000000 AM,1,"EMP00849",29-JAN-25,0
27,"nashikqw",2,3,78,1,"string",16-JAN-25,"string",17-JAN-25 06.30.47.256000000 AM,1,"EMP001",20-JAN-25,0
48,"Yeola1",2,3,36,1,"string",16-JAN-25,"string",17-JAN-25 06.29.45.011000000 AM,1,"EMP001",20-JAN-25,0
53,"mumbai1",3,3,56,1,"string",16-JAN-25,"",16-JAN-25 01.06.18.399000000 PM,1,"EMP001",20-JAN-25,0
64,"xyz",3,3,23,0,"string",17-JAN-25,"",17-JAN-25 08.31.59.586000000 AM,1,"EMP001",20-JAN-25,0
68,"mm",1,3,56,0,"string",17-JAN-25,"",,1,"EMP001",20-JAN-25,0
82,"Chennai1",23,1,10,1,"string",17-JAN-25,"EMP00849",04-FEB-25 06.07.37.563000000 AM,0,"",,0
103,"Ongole",1,3,100,1,"string",18-JAN-25,"EMP00849",30-JAN-25 07.20.47.269000000 AM,0,"",,0
106,"Itanagar",2,3,21,1,"superadmin",18-JAN-25,"EMP00849",31-JAN-25 05.55.01.387000000 AM,0,"",,0
500,"Eluru",1,3,0,1,"Manual",23-JAN-25,"",,0,"",,0
501,"Kadapa",1,3,0,1,"Manual",23-JAN-25,"",,0,"",,0
502,"Kanchipuram",23,3,0,1,"Manual",23-JAN-25,"",,0,"",,0
503,"Ramanathapuram",23,3,0,1,"Manual",23-JAN-25,"",,0,"",,0
504,"Sivaganga",23,3,0,1,"Manual",23-JAN-25,"",,0,"",,0
505,"Tirunelveli",23,3,0,1,"Manual",23-JAN-25,"",,0,"",,0
1221,"Minambakkam",23,3,0,1,"Manual",04-FEB-25,"",,0,"",,0
1222,"Sulur",23,3,0,1,"Manual",04-FEB-25,"",,0,"",,0
1223,"Rambiteestaldp",28,3,0,1,"Manual",04-FEB-25,"",,0,"",,0
1224,"Tarkeswar",28,3,0,1,"Manual",04-FEB-25,"",,0,"",,0
1225,"Bolpur",28,3,0,1,"Manual",04-FEB-25,"",,0,"",,0
1226,"Baikunthpurbsf",28,3,0,1,"Manual",04-FEB-25,"",,0,"",,0
1227,"Newfriendscentre",29,3,0,1,"Manual",04-FEB-25,"",,0,"",,0
1228,"Pushpviharsaket",29,3,0,1,"Manual",04-FEB-25,"",,0,"",,0
1229,"Rangpuriiaai",29,3,0,1,"Manual",04-FEB-25,"",,0,"",,0
1230,"Rohinisec25",29,3,0,1,"Manual",04-FEB-25,"",,0,"",,0
1231,"Vasantkunj",29,3,0,1,"Manual",04-FEB-25,"",,0,"",,0
1232,"Mandoviins",14,3,0,1,"Manual",04-FEB-25,"",,0,"",,0
1233,"Mrcampus",7,3,0,1,"Manual",04-FEB-25,"",,0,"",,0
1234,"Chandkhedaongc",7,3,0,1,"Manual",04-FEB-25,"",,0,"",,0
1235,"Cambeyongc",7,3,0,1,"Manual",04-FEB-25,"",,0,"",,0
1236,"Dantiwadabsf",7,3,0,1,"Manual",04-FEB-25,"",,0,"",,0
1237,"Gandhinagarsec30",7,3,0,1,"Manual",04-FEB-25,"",,0,"",,0
1238,"Jamnagar",7,2,0,1,"Manual",04-FEB-25,"",,0,"",,0
1239,"Vvnagar",7,3,0,1,"Manual",04-FEB-25,"",,0,"",,0
1240,"Budayan",8,3,0,1,"Manual",04-FEB-25,"",,0,"",,0
1241,"Beholismalkha",8,3,0,1,"Manual",04-FEB-25,"",,0,"",,0
1242,"Gccrpfsnp",8,3,0,1,"Manual",04-FEB-25,"",,0,"",,0
1243,"Recongpeo",8,3,0,1,"Manual",04-FEB-25,"",,0,"",,0
1244,"Sarhanitbp",8,3,0,1,"Manual",04-FEB-25,"",,0,"",,0
1245,"Dharamshala",8,3,0,1,"Manual",04-FEB-25,"",,0,"",,0
1246,"Ghumarwin",8,3,0,1,"Manual",04-FEB-25,"",,0,"",,0
1247,"Hiranagar",30,3,0,1,"Manual",04-FEB-25,"",,0,"",,0
1248,"Kaluchak",30,3,0,1,"Manual",04-FEB-25,"",,0,"",,0
1249,"Rajouribsf",30,3,0,1,"Manual",04-FEB-25,"",,0,"",,0
1250,"Aminoo",30,3,0,1,"Manual",04-FEB-25,"",,0,"",,0
1251,"Jodhpurbelna",30,3,0,1,"Manual",04-FEB-25,"",,0,"",,0
1252,"Chandrapuractbs",10,3,0,1,"Manual",04-FEB-25,"",,0,"",,0
1253,"Gomoh",10,3,0,1,"Manual",04-FEB-25,"",,0,"",,0
1254,"Las.Purty",10,3,0,1,"Manual",04-FEB-25,"",,0,"",,0
1255,"Jamtara",10,3,0,1,"Manual",04-FEB-25,"",,0,"",,0
1256,"Madhupur",10,3,0,1,"Manual",04-FEB-25,"",,0,"",,0
1257,"Lohardaga",10,3,0,1,"Manual",04-FEB-25,"",,0,"",,0
1258,"Kvsaraikela",10,3,0,1,"Manual",04-FEB-25,"",,0,"",,0
1259,"Yeshwanthpur",11,3,0,1,"Manual",04-FEB-25,"",,0,"",,0
1260,"Bangaluruasc",11,3,0,1,"Manual",04-FEB-25,"",,0,"",,0
1261,"Bangalurudrdo",11,3,0,1,"Manual",04-FEB-25,"",,0,"",,0
1262,"Hassan",11,3,0,1,"Manual",04-FEB-25,"",,0,"",,0
1263,"Koppal",11,3,0,1,"Manual",04-FEB-25,"",,0,"",,0
1264,"Tenali",1,3,0,1,"Manual",04-FEB-25,"",,0,"",,0
1265,"Inskalinga",1,3,0,1,"Manual",04-FEB-25,"",,0,"",,0
1266,"Along",2,3,0,1,"Manual",04-FEB-25,"",,0,"",,0
1267,"Daporijo",2,3,0,1,"Manual",04-FEB-25,"",,0,"",,0
1268,"Namsai",2,3,0,1,"Manual",04-FEB-25,"",,0,"",,0
1269,"Bokajancci",3,3,0,1,"Manual",04-FEB-25,"",,0,"",,0
1270,"Kumbhigram",3,3,0,1,"Manual",04-FEB-25,"",,0,"",,0
1271,"Silcharau",3,3,0,1,"Manual",04-FEB-25,"",,0,"",,0
1272,"Tinsukia",3,3,0,1,"Manual",04-FEB-25,"",,0,"",,0
1273,"Jamalpur",4,3,0,1,"Manual",04-FEB-25,"",,0,"",,0
1274,"Saharsa",4,3,0,1,"Manual",04-FEB-25,"",,0,"",,0
1275,"Maharajganj",4,3,0,1,"Manual",04-FEB-25,"",,0,"",,0
1276,"Kirandulbiop",5,3,0,1,"Manual",04-FEB-25,"",,0,"",,0
1277,"Raigarh",5,3,0,1,"Manual",04-FEB-25,"",,0,"",,0
1278,"Raipurnoi",5,3,0,1,"Manual",04-FEB-25,"",,0,"",,0
1279,"Saraipali",5,3,0,1,"Manual",04-FEB-25,"",,0,"",,0
1280,"Karaikudicecri",23,3,0,1,"Manual",04-FEB-25,"",,0,"",,0
1281,"Udumalpet",23,3,0,1,"Manual",04-FEB-25,"",,0,"",,0
1282,"Ghatkesarnfc",24,3,0,1,"Manual",04-FEB-25,"",,0,"",,0
1283,"Gachibowli",24,3,0,1,"Manual",04-FEB-25,"",,0,"",,0
1284,"Ramagundam",24,3,0,1,"Manual",04-FEB-25,"",,0,"",,0
1285,"Adilabad",24,3,0,1,"Manual",04-FEB-25,"",,0,"",,0
1286,"Bagafabsf",25,3,0,1,"Manual",04-FEB-25,"",,0,"",,0
1287,"Meerutcantdl",26,3,0,1,"Manual",04-FEB-25,"",,0,"",,0
1288,"Greaternoida",26,3,0,1,"Manual",04-FEB-25,"",,0,"",,0
1289,"Mathuramrp",26,3,0,1,"Manual",04-FEB-25,"",,0,"",,0
1290,"Railwayidgah",26,3,0,1,"Manual",04-FEB-25,"",,0,"",,0
1291,"Bareillyner",26,3,0,1,"Manual",04-FEB-25,"",,0,"",,0
1292,"Bareillyivri",26,3,0,1,"Manual",04-FEB-25,"",,0,"",,0
1293,"Aliganj",26,3,0,1,"Manual",04-FEB-25,"",,0,"",,0
1294,"Mcflalganj",26,3,0,1,"Manual",04-FEB-25,"",,0,"",,0
1295,"Ssbgadania",26,3,0,1,"Manual",04-FEB-25,"",,0,"",,0
1296,"Nainiallahabad",26,3,0,1,"Manual",04-FEB-25,"",,0,"",,0
1297,"Amhatsultanpur",26,3,0,1,"Manual",04-FEB-25,"",,0,"",,0
1298,"Gonda",26,3,0,1,"Manual",04-FEB-25,"",,0,"",,0
1299,"Varanasibhu",26,3,0,1,"Manual",04-FEB-25,"",,0,"",,0
1300,"Aayervaransi",26,3,0,1,"Manual",04-FEB-25,"",,0,"",,0
1301,"Bhimtal",27,3,0,1,"Manual",04-FEB-25,"",,0,"",,0
1302,"Dehradunongc",27,3,0,1,"Manual",04-FEB-25,"",,0,"",,0
1303,"Kashipur",27,3,0,1,"Manual",04-FEB-25,"",,0,"",,0
1304,"Ranikhet",27,3,0,1,"Manual",04-FEB-25,"",,0,"",,0
1305,"Lohaghat",27,3,0,1,"Manual",04-FEB-25,"",,0,"",,0
1306,"Bageshwar",27,3,0,1,"Manual",04-FEB-25,"",,0,"",,0
1307,"Khatima",27,3,0,1,"Manual",04-FEB-25,"",,0,"",,0
1308,"Aliporech",28,3,0,1,"Manual",04-FEB-25,"",,0,"",,0
1309,"Balurghat",28,3,0,1,"Manual",04-FEB-25,"",,0,"",,0
1310,"Chaurai",13,3,0,1,"Manual",04-FEB-25,"",,0,"",,0
1311,"Tiruchur",12,3,0,1,"Manual",04-FEB-25,"",,0,"",,0
1312,"Peringomecrpf",12,3,0,1,"Manual",04-FEB-25,"",,0,"",,0
1313,"Ezhimala",12,3,0,1,"Manual",04-FEB-25,"",,0,"",,0
1314,"Chenneerkara",12,3,0,1,"Manual",04-FEB-25,"",,0,"",,0
1315,"Dhar",13,3,0,1,"Manual",04-FEB-25,"",,0,"",,0
1316,"Seonimalwa",13,3,0,1,"Manual",04-FEB-25,"",,0,"",,0
1317,"Vidisha",13,3,0,1,"Manual",04-FEB-25,"",,0,"",,0
1318,"Moongawali",13,3,0,1,"Manual",04-FEB-25,"",,0,"",,0
1319,"Burhanpur",13,3,0,1,"Manual",04-FEB-25,"",,0,"",,0
1320,"Chhindwara",13,3,0,1,"Manual",04-FEB-25,"",,0,"",,0
1321,"Katninoiirly",13,3,0,1,"Manual",04-FEB-25,"",,0,"",,0
1322,"Mandla",13,3,0,1,"Manual",04-FEB-25,"",,0,"",,0
1323,"Bhandaraof",14,3,0,1,"Manual",04-FEB-25,"",,0,"",,0
1324,"Aurangabadcantt",14,3,0,1,"Manual",04-FEB-25,"",,0,"",,0
1325,"Nasikroad",14,3,0,1,"Manual",04-FEB-25,"",,0,"",,0
1326,"Colaba",14,3,0,1,"Manual",04-FEB-25,"",,0,"",,0
1327,"Ganeshkhind",14,3,0,1,"Manual",04-FEB-25,"",,0,"",,0
1328,"Iatgirinagar",14,3,0,1,"Manual",04-FEB-25,"",,0,"",,0
1329,"Barapaninepa",16,3,0,1,"Manual",04-FEB-25,"",,0,"",,0
1330,"Shillongupper",15,3,0,1,"Manual",04-FEB-25,"",,0,"",,0
1331,"Champhai",15,3,0,1,"Manual",04-FEB-25,"",,0,"",,0
1332,"Bargarh",19,3,0,1,"Manual",04-FEB-25,"",,0,"",,0
1333,"Baripada",19,3,0,1,"Manual",04-FEB-25,"",,0,"",,0
1334,"Boudh",19,3,0,1,"Manual",04-FEB-25,"",,0,"",,0
1335,"Malkangiri",19,3,0,1,"Manual",04-FEB-25,"",,0,"",,0
1336,"Digapahandi",19,3,0,1,"Manual",04-FEB-25,"",,0,"",,0
1337,"Barimul",19,3,0,1,"Manual",04-FEB-25,"",,0,"",,0
1338,"Vyasnagar",19,3,0,1,"Manual",04-FEB-25,"",,0,"",,0
1339,"Gunupur",19,3,0,1,"Manual",04-FEB-25,"",,0,"",,0
1340,"Anandpur",19,3,0,1,"Manual",04-FEB-25,"",,0,"",,0
1341,"Mcljagannath",19,3,0,1,"Manual",04-FEB-25,"",,0,"",,0
1342,"Karaikal",23,3,0,1,"Manual",04-FEB-25,"",,0,"",,0
1343,"Asr",20,3,0,1,"Manual",04-FEB-25,"",,0,"",,0
1344,"Pathankot",20,3,0,1,"Manual",04-FEB-25,"",,0,"",,0
1878,"Ashoknagar",23,3,0,1,"Manual",04-FEB-25,"",,0,"",,0
1879,"Islandgrounds",23,3,0,1,"Manual",04-FEB-25,"",,0,"",,0
1880,"Kalpakkam",23,3,0,1,"Manual",04-FEB-25,"",,0,"",,0
1881,"Raninagarbsf",28,3,0,1,"Manual",04-FEB-25,"",,0,"",,0
1882,"Amethikauhar",26,3,0,1,"Manual",04-FEB-25,"",,0,"",,0
1883,"Badarpurntpc",29,3,0,1,"Manual",04-FEB-25,"",,0,"",,0
1884,"Delhicantt",29,3,0,1,"Manual",04-FEB-25,"",,0,"",,0
1885,"Janakpuri",29,3,0,1,"Manual",04-FEB-25,"",,0,"",,0
1886,"Tagoregarden",29,3,0,1,"Manual",04-FEB-25,"",,0,"",,0
1887,"Vikaspuri",29,3,0,1,"Manual",04-FEB-25,"",,0,"",,0
1888,"Shahdara",29,3,0,1,"Manual",04-FEB-25,"",,0,"",,0
1889,"Ahmedabadsac",7,3,0,1,"Manual",04-FEB-25,"",,0,"",,0
1890,"Sabarmati",7,3,0,1,"Manual",04-FEB-25,"",,0,"",,0
1891,"Baroda",7,3,0,1,"Manual",04-FEB-25,"",,0,"",,0
1892,"Gandhidhamiffco",7,3,0,1,"Manual",04-FEB-25,"",,0,"",,0
1893,"Gandhidhamrly",7,3,0,1,"Manual",04-FEB-25,"",,0,"",,0
1894,"Gandhinagarcant",7,3,0,1,"Manual",04-FEB-25,"",,0,"",,0
1895,"Jetpur",7,3,0,1,"Manual",04-FEB-25,"",,0,"",,0
1896,"Junagarh",7,3,0,1,"Manual",04-FEB-25,"",,0,"",,0
1897,"Ramgarhitbp",8,3,0,1,"Manual",04-FEB-25,"",,0,"",,0
1898,"Rohtak",8,3,0,1,"Manual",04-FEB-25,"",,0,"",,0
1899,"Rewari",8,3,0,1,"Manual",04-FEB-25,"",,0,"",,0
1900,"Crpfkadarpur",8,3,0,1,"Manual",04-FEB-25,"",,0,"",,0
1901,"Kasauli",8,3,0,1,"Manual",04-FEB-25,"",,0,"",,0
1902,"Bakloh",8,3,0,1,"Manual",04-FEB-25,"",,0,"",,0
1903,"Akhnoor",30,3,0,1,"Manual",04-FEB-25,"",,0,"",,0
1904,"Samba",30,3,0,1,"Manual",04-FEB-25,"",,0,"",,0
1905,"Urijammu",30,3,0,1,"Manual",04-FEB-25,"",,0,"",,0
1906,"Chakradharpur",10,3,0,1,"Manual",04-FEB-25,"",,0,"",,0
1907,"Patratu",10,3,0,1,"Manual",04-FEB-25,"",,0,"",,0
1908,"Sahibganj",10,3,0,1,"Manual",04-FEB-25,"",,0,"",,0
1909,"Dangoaposi",10,3,0,1,"Manual",04-FEB-25,"",,0,"",,0
1910,"Yelahanka",11,3,0,1,"Manual",04-FEB-25,"",,0,"",,0
1911,"Yelahankacrpf",11,3,0,1,"Manual",04-FEB-25,"",,0,"",,0
1912,"Bidar",11,3,0,1,"Manual",04-FEB-25,"",,0,"",,0
1913,"Donimalaindmc",11,3,0,1,"Manual",04-FEB-25,"",,0,"",,0
1914,"Raichur",11,3,0,1,"Manual",04-FEB-25,"",,0,"",,0
1915,"Tumkur",11,3,0,1,"Manual",04-FEB-25,"",,0,"",,0
1916,"Venkatagiri",1,3,0,1,"Manual",04-FEB-25,"",,0,"",,0
1917,"Malkapuram",1,3,0,1,"Manual",04-FEB-25,"",,0,"",,0
1918,"Nirjulinerist",2,3,0,1,"Manual",04-FEB-25,"",,0,"",,0
1919,"Tawang",2,3,0,1,"Manual",04-FEB-25,"",,0,"",,0
1920,"Narangi",3,3,0,1,"Manual",04-FEB-25,"",,0,"",,0
1921,"Namruphfc",3,3,0,1,"Manual",04-FEB-25,"",,0,"",,0
1922,"Cobracrpf210",3,3,0,1,"Manual",04-FEB-25,"",,0,"",,0
1923,"Sonairoadongc",3,3,0,1,"Manual",04-FEB-25,"",,0,"",,0
1924,"Duliajanoil",3,3,0,1,"Manual",04-FEB-25,"",,0,"",,0
1925,"Motihari",4,3,0,1,"Manual",04-FEB-25,"",,0,"",,0
1926,"Samastipur",4,3,0,1,"Manual",04-FEB-25,"",,0,"",,0
1927,"Siwan",4,3,0,1,"Manual",04-FEB-25,"",,0,"",,0
1928,"Sasaram",4,3,0,1,"Manual",04-FEB-25,"",,0,"",,0
1929,"Ambikapur",5,3,0,1,"Manual",04-FEB-25,"",,0,"",,0
1930,"Dungargarh",5,3,0,1,"Manual",04-FEB-25,"",,0,"",,0
1931,"Mahasumand",5,3,0,1,"Manual",04-FEB-25,"",,0,"",,0
1932,"Diuadi",35,3,0,1,"Manual",04-FEB-25,"",,0,"",,0
1933,"Vijainarayanam",23,3,0,1,"Manual",04-FEB-25,"",,0,"",,0
1934,"Dindugal",23,3,0,1,"Manual",04-FEB-25,"",,0,"",,0
1935,"Nagarcoil",23,3,0,1,"Manual",04-FEB-25,"",,0,"",,0
1936,"Perambalur",23,3,0,1,"Manual",04-FEB-25,"",,0,"",,0
1937,"Golconda",24,3,0,1,"Manual",04-FEB-25,"",,0,"",,0
1938,"Bowenpally",24,3,0,1,"Manual",04-FEB-25,"",,0,"",,0
1939,"Jharasangam",24,3,0,1,"Manual",04-FEB-25,"",,0,"",,0
1940,"Agartala",25,3,0,1,"Manual",04-FEB-25,"",,0,"",,0
1941,"Agartalanit",25,3,0,1,"Manual",04-FEB-25,"",,0,"",,0
1942,"Muzaffarnagar",26,3,0,1,"Manual",04-FEB-25,"",,0,"",,0
1943,"Muradnagar",26,3,0,1,"Manual",04-FEB-25,"",,0,"",,0
1944,"Hazaratpuroef",26,3,0,1,"Manual",04-FEB-25,"",,0,"",,0
1945,"Hathras",26,3,0,1,"Manual",04-FEB-25,"",,0,"",,0
1946,"Etawa",26,3,0,1,"Manual",04-FEB-25,"",,0,"",,0
1947,"Bareillyjla",26,3,0,1,"Manual",04-FEB-25,"",,0,"",,0
1948,"Bareillyiffco",26,3,0,1,"Manual",04-FEB-25,"",,0,"",,0
1949,"Barabanki",26,3,0,1,"Manual",04-FEB-25,"",,0,"",,0
1950,"Faizabadcantt",26,3,0,1,"Manual",04-FEB-25,"",,0,"",,0
1951,"Kanpuroef",26,3,0,1,"Manual",04-FEB-25,"",,0,"",,0
1952,"Lucknowsgpgi",26,3,0,1,"Manual",04-FEB-25,"",,0,"",,0
1953,"Matiakbarpur",26,3,0,1,"Manual",04-FEB-25,"",,0,"",,0
1954,"Shrawasti",26,3,0,1,"Manual",04-FEB-25,"",,0,"",,0
1955,"Gaucharitbp",27,3,0,1,"Manual",04-FEB-25,"",,0,"",,0
1956,"Kausani",27,3,0,1,"Manual",04-FEB-25,"",,0,"",,0
1957,"Uttarkashi",27,3,0,1,"Manual",04-FEB-25,"",,0,"",,0
1958,"Augustyamuni",27,3,0,1,"Manual",04-FEB-25,"",,0,"",,0
1959,"Berhampurkol",28,3,0,1,"Manual",04-FEB-25,"",,0,"",,0
1960,"Durgapurcrpf",28,3,0,1,"Manual",04-FEB-25,"",,0,"",,0
1961,"Cossipore",28,3,0,1,"Manual",04-FEB-25,"",,0,"",,0
1962,"Gardenreach",28,3,0,1,"Manual",04-FEB-25,"",,0,"",,0
1963,"Santragachi",28,3,0,1,"Manual",04-FEB-25,"",,0,"",,0
1964,"Salboni",28,3,0,1,"Manual",04-FEB-25,"",,0,"",,0
1965,"Chamrajnagar",11,3,0,1,"Manual",04-FEB-25,"",,0,"",,0
1966,"Haveri",11,3,0,1,"Manual",04-FEB-25,"",,0,"",,0
1967,"Mandya",11,3,0,1,"Manual",04-FEB-25,"",,0,"",,0
1968,"Kadrimidri",11,3,0,1,"Manual",04-FEB-25,"",,0,"",,0
1969,"Viruppapura",11,3,0,1,"Manual",04-FEB-25,"",,0,"",,0
1970,"Calicut",12,3,0,1,"Manual",04-FEB-25,"",,0,"",,0
1971,"Kayamkulam",12,3,0,1,"Manual",04-FEB-25,"",,0,"",,0
1972,"Trivandrum",12,3,0,1,"Manual",04-FEB-25,"",,0,"",,0
1973,"Trivandrumsap",12,3,0,1,"Manual",04-FEB-25,"",,0,"",,0
1974,"Thalessery",12,3,0,1,"Manual",04-FEB-25,"",,0,"",,0
1975,"Amla",13,3,0,1,"Manual",04-FEB-25,"",,0,"",,0
1976,"Barwha",12,3,0,1,"Manual",04-FEB-25,"",,0,"",,0
1977,"Bina",12,3,0,1,"Manual",04-FEB-25,"",,0,"",,0
1978,"Guna",13,3,0,1,"Manual",04-FEB-25,"",,0,"",,0
1979,"Murena",13,3,0,1,"Manual",04-FEB-25,"",,0,"",,0
1980,"Pachmarhi",13,3,0,1,"Manual",04-FEB-25,"",,0,"",,0
1981,"Datia",13,3,0,1,"Manual",04-FEB-25,"",,0,"",,0
1982,"Tikamgarh",13,3,0,1,"Manual",04-FEB-25,"",,0,"",,0
1983,"Crpfnayagaon",13,3,0,1,"Manual",04-FEB-25,"",,0,"",,0
1984,"Sagarnoicant",13,3,0,1,"Manual",04-FEB-25,"",,0,"",,0
1985,"Anuppur",13,3,0,1,"Manual",04-FEB-25,"",,0,"",,0
1986,"Iitpowai",14,3,0,1,"Manual",04-FEB-25,"",,0,"",,0
1987,"Yawatmal",14,3,0,1,"Manual",04-FEB-25,"",,0,"",,0
1988,"Dhule",14,3,0,1,"Manual",04-FEB-25,"",,0,"",,0
1989,"Aizawal",15,3,0,1,"Manual",04-FEB-25,"",,0,"",,0
1990,"Aizawaltanhril",15,3,0,1,"Manual",04-FEB-25,"",,0,"",,0
1991,"Bondamunda",19,3,0,1,"Manual",04-FEB-25,"",,0,"",,0
1992,"Gajapati",19,3,0,1,"Manual",04-FEB-25,"",,0,"",,0
1993,"Kandhamal",19,3,0,1,"Manual",04-FEB-25,"",,0,"",,0
1994,"Murgabadi",19,3,0,1,"Manual",04-FEB-25,"",,0,"",,0
1995,"Khariarnuapada",19,3,0,1,"Manual",04-FEB-25,"",,0,"",,0
1996,"Rairangpur",19,3,0,1,"Manual",04-FEB-25,"",,0,"",,0
1997,"Portblair",23,3,0,1,"Manual",04-FEB-25,"",,0,"",,0
1998,"Bhatinda",20,3,0,1,"Manual",04-FEB-25,"",,0,"",,0
1999,"Dappar",20,3,0,1,"Manual",04-FEB-25,"",,0,"",,0
2000,"Kapurthalacant",20,3,0,1,"Manual",04-FEB-25,"",,0,"",,0
2001,"Iitropar",20,3,0,1,"Manual",04-FEB-25,"",,0,"",,0
2002,"Banswara",21,3,0,1,"Manual",04-FEB-25,"",,0,"",,0
2003,"Deolicisf",21,3,0,1,"Manual",04-FEB-25,"",,0,"",,0
2004,"Jodhpurbsf",21,3,0,1,"Manual",04-FEB-25,"",,0,"",,0
2005,"Chhabractpp",21,3,0,1,"Manual",04-FEB-25,"",,0,"",,0
2006,"Bandarsindari",21,3,0,1,"Manual",04-FEB-25,"",,0,"",,0
2007,"Pali",21,3,0,1,"Manual",04-FEB-25,"",,0,"",,0
2008,"Ootacamundhpf",23,3,0,1,"Manual",04-FEB-25,"",,0,"",,0
2009,"Chennaiiiit",23,3,0,1,"Manual",04-FEB-25,"",,0,"",,0
2010,"Andrewsganj",29,3,0,1,"Manual",04-FEB-25,"",,0,"",,0
2011,"Masjidmoth",29,3,0,1,"Manual",04-FEB-25,"",,0,"",,0
2012,"Rohinisec22",29,3,0,1,"Manual",04-FEB-25,"",,0,"",,0
2013,"Dwarkasec12",29,3,0,1,"Manual",04-FEB-25,"",,0,"",,0
2014,"Rohinisec28",29,3,0,1,"Manual",04-FEB-25,"",,0,"",,0
2015,"Bambolimcamp",14,3,0,1,"Manual",04-FEB-25,"",,0,"",,0
2016,"Dwarka",7,3,0,1,"Manual",04-FEB-25,"",,0,"",,0
2017,"Darjeepura",7,3,0,1,"Manual",04-FEB-25,"",,0,"",,0
2018,"Dahodfganjrly",7,3,0,1,"Manual",04-FEB-25,"",,0,"",,0
2019,"Sirsa",8,3,0,1,"Manual",04-FEB-25,"",,0,"",,0
2020,"Manesarnsg",8,3,0,1,"Manual",04-FEB-25,"",,0,"",,0
2021,"Bhakli",8,3,0,1,"Manual",04-FEB-25,"",,0,"",,0
2022,"Matanhail",8,3,0,1,"Manual",04-FEB-25,"",,0,"",,0
2023,"Fatehabad",8,3,0,1,"Manual",04-FEB-25,"",,0,"",,0
2024,"Subathu",8,3,0,1,"Manual",04-FEB-25,"",,0,"",,0
2025,"Jutogh",8,3,0,1,"Manual",04-FEB-25,"",,0,"",,0
2026,"Basolilakhanpur",30,3,0,1,"Manual",04-FEB-25,"",,0,"",,0
2027,"Chenaniatkud",30,3,0,1,"Manual",04-FEB-25,"",,0,"",,0
2028,"Jindrah",30,3,0,1,"Manual",04-FEB-25,"",,0,"",,0
2029,"Jyotipuramshep",30,3,0,1,"Manual",04-FEB-25,"",,0,"",,0
2030,"Kishtwar",30,3,0,1,"Manual",04-FEB-25,"",,0,"",,0
2031,"Ranchicrpf",10,3,0,1,"Manual",04-FEB-25,"",,0,"",,0
2032,"Surda",10,3,0,1,"Manual",04-FEB-25,"",,0,"",,0
2033,"Godda",10,3,0,1,"Manual",04-FEB-25,"",,0,"",,0
2034,"Simdega",10,3,0,1,"Manual",04-FEB-25,"",,0,"",,0
2035,"Bangaluruiisc",11,3,0,1,"Manual",04-FEB-25,"",,0,"",,0
2036,"Jalahalli",11,3,0,1,"Manual",04-FEB-25,"",,0,"",,0
2037,"Mysore",11,2,0,1,"Manual",04-FEB-25,"",,0,"",,0
2038,"Rajampet",1,3,0,1,"Manual",04-FEB-25,"",,0,"",,0
2039,"Sattenapalli",1,3,0,1,"Manual",04-FEB-25,"",,0,"",,0
2040,"Waltair",1,3,0,1,"Manual",04-FEB-25,"",,0,"",,0
2041,"Kimin",2,3,0,1,"Manual",04-FEB-25,"",,0,"",,0
2042,"Dirang",2,3,0,1,"Manual",04-FEB-25,"",,0,"",,0
2043,"Gerukamukh",3,3,0,1,"Manual",04-FEB-25,"",,0,"",,0
2044,"Khatkhaticrpf",3,3,0,1,"Manual",04-FEB-25,"",,0,"",,0
2045,"Haflongssb",3,3,0,1,"Manual",04-FEB-25,"",,0,"",,0
2046,"Masimpur",3,3,0,1,"Manual",04-FEB-25,"",,0,"",,0
2047,"Hazipur",4,3,0,1,"Manual",04-FEB-25,"",,0,"",,0
2048,"Lakhisarai",4,3,0,1,"Manual",04-FEB-25,"",,0,"",,0
2049,"Mokamghatcrpf",4,3,0,1,"Manual",04-FEB-25,"",,0,"",,0
2050,"Purnia",4,3,0,1,"Manual",04-FEB-25,"",,0,"",,0
2051,"Araria",4,3,0,1,"Manual",04-FEB-25,"",,0,"",,0
2052,"Harnaut",4,3,0,1,"Manual",04-FEB-25,"",,0,"",,0
2053,"Iitpatna",4,3,0,1,"Manual",04-FEB-25,"",,0,"",,0
2054,"Jagdalpur",5,3,0,1,"Manual",04-FEB-25,"",,0,"",,0
2055,"Narayanpur",5,3,0,1,"Manual",04-FEB-25,"",,0,"",,0
2056,"Sukma",5,3,0,1,"Manual",04-FEB-25,"",,0,"",,0
2057,"Kondagaon",5,3,0,1,"Manual",04-FEB-25,"",,0,"",,0
2058,"Thiruvannamalai",23,3,0,1,"Manual",04-FEB-25,"",,0,"",,0
2059,"Hyderabadnpasvp",24,3,0,1,"Manual",04-FEB-25,"",,0,"",,0
2060,"Bhongir",24,3,0,1,"Manual",04-FEB-25,"",,0,"",,0
2061,"Panisagarbsf",25,3,0,1,"Manual",04-FEB-25,"",,0,"",,0
2062,"Gokulnagar",25,3,0,1,"Manual",04-FEB-25,"",,0,"",,0
2063,"Bagpat",26,3,0,1,"Manual",04-FEB-25,"",,0,"",,0
2064,"Babinacant",26,3,0,1,"Manual",04-FEB-25,"",,0,"",,0
2065,"Mathuracant",26,3,0,1,"Manual",04-FEB-25,"",,0,"",,0
2066,"Balrampur",26,3,0,1,"Manual",04-FEB-25,"",,0,"",,0
2067,"Lucknowamc",26,3,0,1,"Manual",04-FEB-25,"",,0,"",,0
2068,"Iimcampus",26,3,0,1,"Manual",04-FEB-25,"",,0,"",,0
2069,"Sitapur",26,3,0,1,"Manual",04-FEB-25,"",,0,"",,0
2070,"Madhupuri",26,3,0,1,"Manual",04-FEB-25,"",,0,"",,0
2071,"Basti",26,3,0,1,"Manual",04-FEB-25,"",,0,"",,0
2072,"Mankapuriti",26,3,0,1,"Manual",04-FEB-25,"",,0,"",,0
2073,"Azamgarh",26,3,0,1,"Manual",04-FEB-25,"",,0,"",,0
2074,"Ghazipur",26,3,0,1,"Manual",04-FEB-25,"",,0,"",,0
2075,"Phaphamaucrpf",26,3,0,1,"Manual",04-FEB-25,"",,0,"",,0
2076,"Bhadohi",26,3,0,1,"Manual",04-FEB-25,"",,0,"",,0
2077,"Almora",27,3,0,1,"Manual",04-FEB-25,"",,0,"",,0
2078,"Dehraduniip",27,3,0,1,"Manual",04-FEB-25,"",,0,"",,0
2079,"Lansdowne",27,3,0,1,"Manual",04-FEB-25,"",,0,"",,0
2080,"Pithoragarh",27,3,0,1,"Manual",04-FEB-25,"",,0,"",,0
2081,"Binnaguri",28,3,0,1,"Manual",04-FEB-25,"",,0,"",,0
2082,"Coochbehar",28,3,0,1,"Manual",04-FEB-25,"",,0,"",,0
2083,"Hasimara",28,3,0,1,"Manual",04-FEB-25,"",,0,"",,0
2084,"Baligunge",28,3,0,1,"Manual",04-FEB-25,"",,0,"",,0
2085,"Fortwilliam",28,3,0,1,"Manual",04-FEB-25,"",,0,"",,0
2086,"Kankinara",28,3,0,1,"Manual",04-FEB-25,"",,0,"",,0
2087,"Birbhum",28,3,0,1,"Manual",04-FEB-25,"",,0,"",,0
2088,"Ernakulam",12,3,0,1,"Manual",04-FEB-25,"",,0,"",,0
2089,"Kollam",12,2,0,1,"Manual",04-FEB-25,"",,0,"",,0
2090,"Kanhagad",12,3,0,1,"Manual",04-FEB-25,"",,0,"",,0
2091,"Shajapur",13,3,0,1,"Manual",04-FEB-25,"",,0,"",,0
2092,"Jabalpuraoc",13,3,0,1,"Manual",04-FEB-25,"",,0,"",,0
2093,"Jabalpurstc",13,3,0,1,"Manual",04-FEB-25,"",,0,"",,0
2094,"Jabalpurvf",13,3,0,1,"Manual",04-FEB-25,"",,0,"",,0
2095,"Narsingpur",13,3,0,1,"Manual",04-FEB-25,"",,0,"",,0
2096,"Jamai",13,3,0,1,"Manual",04-FEB-25,"",,0,"",,0
2097,"Kamptee",14,3,0,1,"Manual",04-FEB-25,"",,0,"",,0
2098,"Devlali",14,3,0,1,"Manual",04-FEB-25,"",,0,"",,0
2099,"Ambarnathof",14,3,0,1,"Manual",04-FEB-25,"",,0,"",,0
2100,"Punearmyarea",14,3,0,1,"Manual",04-FEB-25,"",,0,"",,0
2101,"Punekhadki",14,3,0,1,"Manual",04-FEB-25,"",,0,"",,0
2102,"Varangaonof",14,3,0,1,"Manual",04-FEB-25,"",,0,"",,0
2103,"Chakurbsf",14,3,0,1,"Manual",04-FEB-25,"",,0,"",,0
2104,"Ukhrul",15,3,0,1,"Manual",04-FEB-25,"",,0,"",,0
2105,"Akampat",15,3,0,1,"Manual",04-FEB-25,"",,0,"",,0
2106,"Happyvalley",15,3,0,1,"Manual",04-FEB-25,"",,0,"",,0
2107,"Umroicant",15,3,0,1,"Manual",04-FEB-25,"",,0,"",,0
2108,"Tuli",15,3,0,1,"Manual",04-FEB-25,"",,0,"",,0
2109,"Bhawanipatna",19,3,0,1,"Manual",04-FEB-25,"",,0,"",,0
2110,"Charbatiaarc",19,3,0,1,"Manual",04-FEB-25,"",,0,"",,0
2111,"Jharsuguda",19,3,0,1,"Manual",04-FEB-25,"",,0,"",,0
2112,"Puri",19,3,0,1,"Manual",04-FEB-25,"",,0,"",,0
2113,"Nabrangpur",19,3,0,1,"Manual",04-FEB-25,"",,0,"",,0
2114,"Bhadrak",19,3,0,1,"Manual",04-FEB-25,"",,0,"",,0
2115,"Bhanjanagar",19,3,0,1,"Manual",04-FEB-25,"",,0,"",,0
2116,"Sonepur",19,3,0,1,"Manual",04-FEB-25,"",,0,"",,0
2117,"Dharamgarh",19,3,0,1,"Manual",04-FEB-25,"",,0,"",,0
2118,"Chatrapur",19,3,0,1,"Manual",04-FEB-25,"",,0,"",,0
2119,"Mullanpur",20,3,0,1,"Manual",04-FEB-25,"",,0,"",,0
2120,"Zirakpur",20,3,0,1,"Manual",04-FEB-25,"",,0,"",,0
2121,"Dbnshikarbsf",20,3,0,1,"Manual",04-FEB-25,"",,0,"",,0
2122,"Mohali",20,2,0,1,"Manual",04-FEB-25,"",,0,"",,0
2123,"Alwar",21,3,0,1,"Manual",04-FEB-25,"",,0,"",,0
2124,"Anoopgarhbsf",21,3,0,1,"Manual",04-FEB-25,"",,0,"",,0
2125,"Dablabsf",21,3,0,1,"Manual",04-FEB-25,"",,0,"",,0
2126,"Mountabucrpf",21,3,0,1,"Manual",04-FEB-25,"",,0,"",,0
2127,"Pokhranbsf",21,3,0,1,"Manual",04-FEB-25,"",,0,"",,0
2128,"Sgnrcantt",21,3,0,1,"Manual",04-FEB-25,"",,0,"",,0
2129,"Chhittorgarh",21,3,0,1,"Manual",04-FEB-25,"",,0,"",,0
2130,"Jaisindhar",21,3,0,1,"Manual",04-FEB-25,"",,0,"",,0
2131,"Nagaur",21,3,0,1,"Manual",04-FEB-25,"",,0,"",,0
2132,"Iitjodhpur",21,3,0,1,"Manual",04-FEB-25,"",,0,"",,0
2133,"Pratapgarh",21,3,0,1,"Manual",04-FEB-25,"",,0,"",,0
2134,"Nitrourkela",19,3,0,1,"Manual",04-FEB-25,"",,0,"",,0
2135,"Deoria",26,3,0,1,"Manual",04-FEB-25,"",,0,"",,0
2142,"CHANDIGARH",20,2,0,1,"Manual",05-FEB-25,"",,0,"",,0
2161,"Gurugoan East",8,3,13,1,"EMP00849",06-FEB-25,"",,0,"",,0
2181,"malshiras",0,3,0,1,"EMP00849",10-FEB-25,"",,1,"EMP00849",10-FEB-25,0
1596,"Gopalpurcant",19,3,0,1,"Manual",04-FEB-25,"",,0,"",,0
1597,"Sundargarh",19,3,0,1,"Manual",04-FEB-25,"",,0,"",,0
1598,"Jagatsinghpur",19,3,0,1,"Manual",04-FEB-25,"",,0,"",,0
1599,"Barnala",20,3,0,1,"Manual",04-FEB-25,"",,0,"",,0
1600,"Nabhacant",20,3,0,1,"Manual",04-FEB-25,"",,0,"",,0
1601,"Jldcantt",20,3,0,1,"Manual",04-FEB-25,"",,0,"",,0
1602,"Nangalbhur",20,3,0,1,"Manual",04-FEB-25,"",,0,"",,0
1603,"Bhikiwindbsf",20,3,0,1,"Manual",04-FEB-25,"",,0,"",,0
1604,"Amarkotbsf",20,3,0,1,"Manual",04-FEB-25,"",,0,"",,0
1605,"Ferozepurbsf",20,3,0,1,"Manual",04-FEB-25,"",,0,"",,0
1606,"Bhunga",20,3,0,1,"Manual",04-FEB-25,"",,0,"",,0
1607,"Bharatpur",21,3,0,1,"Manual",04-FEB-25,"",,0,"",,0
1608,"Jalipacant",21,3,0,1,"Manual",04-FEB-25,"",,0,"",,0
1609,"Uttarlai",21,3,0,1,"Manual",04-FEB-25,"",,0,"",,0
1610,"Jhunjhunu",21,3,0,1,"Manual",04-FEB-25,"",,0,"",,0
1611,"Bandikui",21,3,0,1,"Manual",04-FEB-25,"",,0,"",,0
1612,"Annanagar",23,3,0,1,"Manual",04-FEB-25,"",,0,"",,0
1613,"Serrlykharagpur",28,3,0,1,"Manual",04-FEB-25,"",,0,"",,0
1614,"Iittirupati",1,3,0,1,"Manual",04-FEB-25,"",,0,"",,0
1615,"Mughalsarai",26,3,0,1,"Manual",04-FEB-25,"",,0,"",,0
1616,"Mirzapur",26,3,0,1,"Manual",04-FEB-25,"",,0,"",,0
1617,"Arjangarh",29,3,0,1,"Manual",04-FEB-25,"",,0,"",,0
1618,"Dwarkasec5",29,3,0,1,"Manual",04-FEB-25,"",,0,"",,0
1619,"Jharodakalan",29,3,0,1,"Manual",04-FEB-25,"",,0,"",,0
1620,"Dwarkaspg",29,3,0,1,"Manual",04-FEB-25,"",,0,"",,0
1621,"Paschimvihar",29,3,0,1,"Manual",04-FEB-25,"",,0,"",,0
1622,"Rkpuramsec8",29,3,0,1,"Manual",04-FEB-25,"",,0,"",,0
1623,"Barodanoivongc",7,3,0,1,"Manual",04-FEB-25,"",,0,"",,0
1624,"Valsurains",7,3,0,1,"Manual",04-FEB-25,"",,0,"",,0
1625,"Wadsar",7,3,0,1,"Manual",04-FEB-25,"",,0,"",,0
1626,"Chandimandir",8,3,0,1,"Manual",04-FEB-25,"",,0,"",,0
1627,"Jhajjar",8,3,0,1,"Manual",04-FEB-25,"",,0,"",,0
1628,"Pinjorecrpf",8,3,0,1,"Manual",04-FEB-25,"",,0,"",,0
1629,"Raghunathpura",8,3,0,1,"Manual",04-FEB-25,"",,0,"",,0
1630,"Mathana",8,3,0,1,"Manual",04-FEB-25,"",,0,"",,0
1631,"Bilaspuryjud",8,3,0,1,"Manual",04-FEB-25,"",,0,"",,0
1632,"Hamirpur",8,3,0,1,"Manual",04-FEB-25,"",,0,"",,0
1633,"Palampur",8,3,0,1,"Manual",04-FEB-25,"",,0,"",,0
1634,"Banikhet",8,3,0,1,"Manual",04-FEB-25,"",,0,"",,0
1635,"Bhanala",8,3,0,1,"Manual",04-FEB-25,"",,0,"",,0
1636,"Chamera",8,3,0,1,"Manual",04-FEB-25,"",,0,"",,0
1637,"Bangana",8,3,0,1,"Manual",04-FEB-25,"",,0,"",,0
1638,"Bantalabcrpf",30,3,0,1,"Manual",04-FEB-25,"",,0,"",,0
1639,"Dhamana",30,3,0,1,"Manual",04-FEB-25,"",,0,"",,0
1640,"Kathua",30,3,0,1,"Manual",04-FEB-25,"",,0,"",,0
1641,"Udhampur",30,3,0,1,"Manual",04-FEB-25,"",,0,"",,0
1642,"Bhurkunda",10,3,0,1,"Manual",04-FEB-25,"",,0,"",,0
1643,"Ramgarhcant",10,3,0,1,"Manual",04-FEB-25,"",,0,"",,0
1644,"Namkum",10,3,0,1,"Manual",04-FEB-25,"",,0,"",,0
1645,"Garhwa",10,3,0,1,"Manual",04-FEB-25,"",,0,"",,0
1646,"Bangalorenal",11,3,0,1,"Manual",04-FEB-25,"",,0,"",,0
1647,"Malleshwaram",11,3,0,1,"Manual",04-FEB-25,"",,0,"",,0
1648,"Sambra",11,3,0,1,"Manual",04-FEB-25,"",,0,"",,0
1649,"Bijapur",11,3,0,1,"Manual",04-FEB-25,"",,0,"",,0
1650,"Kodagu",11,3,0,1,"Manual",04-FEB-25,"",,0,"",,0
1651,"Machhlipatnam",1,3,0,1,"Manual",04-FEB-25,"",,0,"",,0
1652,"Suryalanka",1,3,0,1,"Manual",04-FEB-25,"",,0,"",,0
1653,"Kothuru",1,3,0,1,"Manual",04-FEB-25,"",,0,"",,0
1654,"Kvkandukur",1,3,0,1,"Manual",04-FEB-25,"",,0,"",,0
1655,"Irlapadu",1,3,0,1,"Manual",04-FEB-25,"",,0,"",,0
1656,"Srikakulam",1,3,0,1,"Manual",04-FEB-25,"",,0,"",,0
1657,"Tezu",2,3,0,1,"Manual",04-FEB-25,"",,0,"",,0
1658,"Khonsa",2,3,0,1,"Manual",04-FEB-25,"",,0,"",,0
1659,"Guwahatiiit",3,3,0,1,"Manual",04-FEB-25,"",,0,"",,0
1660,"Kokrajhar",3,3,0,1,"Manual",04-FEB-25,"",,0,"",,0
1661,"Missamarinoi",3,3,0,1,"Manual",04-FEB-25,"",,0,"",,0
1662,"Golaghat",3,3,0,1,"Manual",04-FEB-25,"",,0,"",,0
1663,"Tamulpur",3,3,0,1,"Manual",04-FEB-25,"",,0,"",,0
1664,"Mohanbari",3,3,0,1,"Manual",04-FEB-25,"",,0,"",,0
1665,"Mashrak",4,3,0,1,"Manual",04-FEB-25,"",,0,"",,0
1666,"Sonpur",4,3,0,1,"Manual",04-FEB-25,"",,0,"",,0
1667,"Arah",4,3,0,1,"Manual",04-FEB-25,"",,0,"",,0
1668,"Nalandaof",4,3,0,1,"Manual",04-FEB-25,"",,0,"",,0
1669,"Raipurnoii",5,3,0,1,"Manual",04-FEB-25,"",,0,"",,0
1670,"Kawardha",5,3,0,1,"Manual",04-FEB-25,"",,0,"",,0
1671,"Rameshwaram",23,3,0,1,"Manual",04-FEB-25,"",,0,"",,0
1672,"Tiruchirapally",23,3,0,1,"Manual",04-FEB-25,"",,0,"",,0
1673,"Dundigal",24,3,0,1,"Manual",04-FEB-25,"",,0,"",,0
1674,"Trimulghery",24,3,0,1,"Manual",04-FEB-25,"",,0,"",,0
1675,"Mahabubnagar",24,3,0,1,"Manual",04-FEB-25,"",,0,"",,0
1676,"Bodhantown",24,3,0,1,"Manual",04-FEB-25,"",,0,"",,0
1677,"Nalgonda",24,3,0,1,"Manual",04-FEB-25,"",,0,"",,0
1678,"Babugarhcant",26,3,0,1,"Manual",04-FEB-25,"",,0,"",,0
1679,"Etah",26,3,0,1,"Manual",04-FEB-25,"",,0,"",,0
1680,"Cisfsurajpur",26,3,0,1,"Manual",04-FEB-25,"",,0,"",,0
1681,"Bkt",26,3,0,1,"Manual",04-FEB-25,"",,0,"",,0
1682,"Armapur",26,3,0,1,"Manual",04-FEB-25,"",,0,"",,0
1683,"Chakeri",26,3,0,1,"Manual",04-FEB-25,"",,0,"",,0
1684,"Allahabadmanauri",26,3,0,1,"Manual",04-FEB-25,"",,0,"",,0
1685,"Phulpuriffco",26,3,0,1,"Manual",04-FEB-25,"",,0,"",,0
1686,"Varanasicant",26,3,0,1,"Manual",04-FEB-25,"",,0,"",,0
1687,"Cherosalempur",26,3,0,1,"Manual",04-FEB-25,"",,0,"",,0
1688,"Siddharthnagar",26,3,0,1,"Manual",04-FEB-25,"",,0,"",,0
1689,"Dehradunitbp",27,3,0,1,"Manual",04-FEB-25,"",,0,"",,0
1690,"Dehradunbirpur",27,3,0,1,"Manual",04-FEB-25,"",,0,"",,0
1691,"Dehraduncant",27,3,0,1,"Manual",04-FEB-25,"",,0,"",,0
1692,"Gwaldham",27,3,0,1,"Manual",04-FEB-25,"",,0,"",,0
1693,"Hardwarnoibhel",27,3,0,1,"Manual",04-FEB-25,"",,0,"",,0
1694,"Sourkandteri",27,3,0,1,"Manual",04-FEB-25,"",,0,"",,0
1695,"Farakkantpc",28,3,0,1,"Manual",04-FEB-25,"",,0,"",,0
1696,"Kalimpong",28,3,0,1,"Manual",04-FEB-25,"",,0,"",,0
1697,"Suknakhaprail",28,3,0,1,"Manual",04-FEB-25,"",,0,"",,0
1698,"Dumdumof",28,3,0,1,"Manual",04-FEB-25,"",,0,"",,0
1699,"Ishapore",28,3,0,1,"Manual",04-FEB-25,"",,0,"",,0
1700,"Kanchrapara",28,3,0,1,"Manual",04-FEB-25,"",,0,"",,0
1701,"Chennapatna",11,3,0,1,"Manual",04-FEB-25,"",,0,"",,0
1702,"Kalpetta",12,3,0,1,"Manual",04-FEB-25,"",,0,"",,0
1703,"Cochin",12,3,0,1,"Manual",04-FEB-25,"",,0,"",,0
1704,"Palghat",12,3,0,1,"Manual",04-FEB-25,"",,0,"",,0
1705,"Hoshangabad",13,3,0,1,"Manual",04-FEB-25,"",,0,"",,0
1706,"Kareraitbp",13,3,0,1,"Manual",04-FEB-25,"",,0,"",,0
1707,"Neemuchcrpf",13,3,0,1,"Manual",04-FEB-25,"",,0,"",,0
1708,"Betul",13,3,0,1,"Manual",04-FEB-25,"",,0,"",,0
1709,"Ambah",13,3,0,1,"Manual",04-FEB-25,"",,0,"",,0
1710,"Chandametta",13,3,0,1,"Manual",04-FEB-25,"",,0,"",,0
1711,"Jayantcolliery",13,3,0,1,"Manual",04-FEB-25,"",,0,"",,0
1712,"Seoni",13,3,0,1,"Manual",04-FEB-25,"",,0,"",,0
1713,"Pandhurna",13,3,0,1,"Manual",04-FEB-25,"",,0,"",,0
1714,"Chandaof",14,3,0,1,"Manual",04-FEB-25,"",,0,"",,0
1715,"Lonavala",14,3,0,1,"Manual",04-FEB-25,"",,0,"",,0
1716,"Manmad",14,3,0,1,"Manual",04-FEB-25,"",,0,"",,0
1717,"Dehuroad",14,3,0,1,"Manual",04-FEB-25,"",,0,"",,0
1718,"Punecme",14,3,0,1,"Manual",04-FEB-25,"",,0,"",,0
1719,"Temenglong",15,3,0,1,"Manual",04-FEB-25,"",,0,"",,0
1720,"Lumaminu",15,3,0,1,"Manual",04-FEB-25,"",,0,"",,0
1721,"Laitkorpeak",15,3,0,1,"Manual",04-FEB-25,"",,0,"",,0
1722,"Shillongnehu",15,3,0,1,"Manual",04-FEB-25,"",,0,"",,0
1723,"Nayagarh",19,3,0,1,"Manual",04-FEB-25,"",,0,"",,0
1724,"Hinjilicut",19,3,0,1,"Manual",04-FEB-25,"",,0,"",,0
1725,"Iitbbsr",19,3,0,1,"Manual",04-FEB-25,"",,0,"",,0
1726,"Mahe",23,3,0,1,"Manual",04-FEB-25,"",,0,"",,0
1727,"Chandigarhocf",20,3,0,1,"Manual",04-FEB-25,"",,0,"",,0
1728,"Chandigarh3brd",20,3,0,1,"Manual",04-FEB-25,"",,0,"",,0
1729,"Faridkot",20,3,0,1,"Manual",04-FEB-25,"",,0,"",,0
1730,"Halwara",20,3,0,1,"Manual",04-FEB-25,"",,0,"",,0
1731,"Ubhawal",20,3,0,1,"Manual",04-FEB-25,"",,0,"",,0
1732,"Fazilkabsf",20,3,0,1,"Manual",04-FEB-25,"",,0,"",,0
1733,"Fatehgarhsahib",20,3,0,1,"Manual",04-FEB-25,"",,0,"",,0
1734,"Nasirabad",21,3,0,1,"Manual",04-FEB-25,"",,0,"",,0
1735,"Beawar",21,3,0,1,"Manual",04-FEB-25,"",,0,"",,0
1736,"Bhilwara",21,3,0,1,"Manual",04-FEB-25,"",,0,"",,0
1737,"Jaisalmer",21,3,0,1,"Manual",04-FEB-25,"",,0,"",,0
1738,"Lalgarhjattan",21,3,0,1,"Manual",04-FEB-25,"",,0,"",,0
1739,"Gangapurcity",21,3,0,1,"Manual",04-FEB-25,"",,0,"",,0
1740,"Avadihvf",23,3,0,1,"Manual",04-FEB-25,"",,0,"",,0
1741,"Avadiocf",23,3,0,1,"Manual",04-FEB-25,"",,0,"",,0
1742,"Dgicomplex",23,3,0,1,"Manual",04-FEB-25,"",,0,"",,0
1743,"Bandelrlycolony",28,3,0,1,"Manual",04-FEB-25,"",,0,"",,0
1744,"Njp",28,3,0,1,"Manual",04-FEB-25,"",,0,"",,0
1745,"Cbbarachatti",4,3,0,1,"Manual",04-FEB-25,"",,0,"",,0
1746,"Agcrcolony",29,3,0,1,"Manual",04-FEB-25,"",,0,"",,0
1747,"Rohinisec8",29,3,0,1,"Manual",04-FEB-25,"",,0,"",,0
1748,"Shalimarbagh",29,3,0,1,"Manual",04-FEB-25,"",,0,"",,0
1749,"Vascodagama",14,3,0,1,"Manual",04-FEB-25,"",,0,"",,0
1750,"Bhavnagarpara",7,3,0,1,"Manual",04-FEB-25,"",,0,"",,0
1751,"Gandhinagarcrpf",7,3,0,1,"Manual",04-FEB-25,"",,0,"",,0
1752,"Mehsanaongc",7,3,0,1,"Manual",04-FEB-25,"",,0,"",,0
1753,"Mandi",8,3,0,1,"Manual",04-FEB-25,"",,0,"",,0
1754,"Palwal",8,3,0,1,"Manual",04-FEB-25,"",,0,"",,0
1755,"Lahaulspiti",8,3,0,1,"Manual",04-FEB-25,"",,0,"",,0
1756,"Saloh",8,3,0,1,"Manual",04-FEB-25,"",,0,"",,0
1757,"Awantipura",30,3,0,1,"Manual",04-FEB-25,"",,0,"",,0
1758,"Nagrota",30,3,0,1,"Manual",04-FEB-25,"",,0,"",,0
1759,"Lehjammu",30,3,0,1,"Manual",04-FEB-25,"",,0,"",,0
1760,"Sunderbanibsf",30,3,0,1,"Manual",04-FEB-25,"",,0,"",,0
1761,"Olddvsbldg",10,3,0,1,"Manual",04-FEB-25,"",,0,"",,0
1762,"Hazaribaghbsf",10,3,0,1,"Manual",04-FEB-25,"",,0,"",,0
1763,"Deepatoli",10,3,0,1,"Manual",04-FEB-25,"",,0,"",,0
1764,"Latehar",10,3,0,1,"Manual",04-FEB-25,"",,0,"",,0
1765,"Bangaloremgrly",11,3,0,1,"Manual",04-FEB-25,"",,0,"",,0
1766,"Bemlnagarkolar",11,3,0,1,"Manual",04-FEB-25,"",,0,"",,0
1767,"Karwar",11,3,0,1,"Manual",04-FEB-25,"",,0,"",,0
1768,"Belgaumcant",11,3,0,1,"Manual",04-FEB-25,"",,0,"",,0
1769,"Davangere",11,3,0,1,"Manual",04-FEB-25,"",,0,"",,0
1770,"Anantpur",1,3,0,1,"Manual",04-FEB-25,"",,0,"",,0
1771,"Gooty Anantpur",1,3,0,1,"Manual",04-FEB-25,"",,0,"",,0
1772,"Miao",2,3,0,1,"Manual",04-FEB-25,"",,0,"",,0
1773,"Tuting",2,3,0,1,"Manual",04-FEB-25,"",,0,"",,0
1774,"Zerohapoli",2,3,0,1,"Manual",04-FEB-25,"",,0,"",,0
1775,"Longding",2,3,0,1,"Manual",04-FEB-25,"",,0,"",,0
1776,"Amerigogcrpf",3,3,0,1,"Manual",04-FEB-25,"",,0,"",,0
1777,"Borjhar",3,3,0,1,"Manual",04-FEB-25,"",,0,"",,0
1778,"Maligaon",3,3,0,1,"Manual",04-FEB-25,"",,0,"",,0
1779,"Diphu",3,3,0,1,"Manual",04-FEB-25,"",,0,"",,0
1780,"Doomdoomaarc",3,3,0,1,"Manual",04-FEB-25,"",,0,"",,0
1781,"Goalpara",3,3,0,1,"Manual",04-FEB-25,"",,0,"",,0
1782,"Silcharnit",3,3,0,1,"Manual",04-FEB-25,"",,0,"",,0
1783,"Chabua",3,3,0,1,"Manual",04-FEB-25,"",,0,"",,0
1784,"Barauniioc",4,3,0,1,"Manual",04-FEB-25,"",,0,"",,0
1785,"Betiah",4,3,0,1,"Manual",04-FEB-25,"",,0,"",,0
1786,"Jawaharnagar",4,3,0,1,"Manual",04-FEB-25,"",,0,"",,0
1787,"Barauninoi",4,3,0,1,"Manual",04-FEB-25,"",,0,"",,0
1788,"Nabinagarnpgcl",4,3,0,1,"Manual",04-FEB-25,"",,0,"",,0
1789,"Bachelibiop",5,3,0,1,"Manual",04-FEB-25,"",,0,"",,0
1790,"Jashpur",5,3,0,1,"Manual",04-FEB-25,"",,0,"",,0
1791,"Khairagarh",5,3,0,1,"Manual",04-FEB-25,"",,0,"",,0
1792,"Janjgir",5,3,0,1,"Manual",04-FEB-25,"",,0,"",,0
1793,"Kurud",5,3,0,1,"Manual",04-FEB-25,"",,0,"",,0
1794,"Crpfbilaspur",5,3,0,1,"Manual",04-FEB-25,"",,0,"",,0
1795,"Trichy",23,3,0,1,"Manual",04-FEB-25,"",,0,"",,0
1796,"Tanjavur",23,3,0,1,"Manual",04-FEB-25,"",,0,"",,0
1797,"Cuddalorenlc",23,3,0,1,"Manual",04-FEB-25,"",,0,"",,0
1798,"Hyderabadcrpf",24,3,0,1,"Manual",04-FEB-25,"",,0,"",,0
1799,"Warrangal",24,3,0,1,"Manual",04-FEB-25,"",,0,"",,0
1800,"Hyderabadcu",24,3,0,1,"Manual",04-FEB-25,"",,0,"",,0
1801,"Siddipet",24,3,0,1,"Manual",04-FEB-25,"",,0,"",,0
1802,"Agartalacrpf",25,3,0,1,"Manual",04-FEB-25,"",,0,"",,0
1803,"Rampurcrpf",26,3,0,1,"Manual",04-FEB-25,"",,0,"",,0
1804,"Sarsawa",26,3,0,1,"Manual",04-FEB-25,"",,0,"",,0
1805,"Noida",26,2,0,1,"Manual",04-FEB-25,"",,0,"",,0
1806,"Mathurabaad",26,3,0,1,"Manual",04-FEB-25,"",,0,"",,0
1807,"Jagdishpurbhel",26,3,0,1,"Manual",04-FEB-25,"",,0,"",,0
1808,"Kanpuriit",26,3,0,1,"Manual",04-FEB-25,"",,0,"",,0
1809,"Lucknowcant",26,3,0,1,"Manual",04-FEB-25,"",,0,"",,0
1810,"Unnao",26,3,0,1,"Manual",04-FEB-25,"",,0,"",,0
1811,"Badaun",26,3,0,1,"Manual",04-FEB-25,"",,0,"",,0
1812,"Pilibhit",26,3,0,1,"Manual",04-FEB-25,"",,0,"",,0
1813,"Lakhimpurkheri",26,3,0,1,"Manual",04-FEB-25,"",,0,"",,0
1814,"Bamrauli",26,3,0,1,"Manual",04-FEB-25,"",,0,"",,0
1815,"Oldcanttald",26,3,0,1,"Manual",04-FEB-25,"",,0,"",,0
1816,"Chitrakoot",26,3,0,1,"Manual",04-FEB-25,"",,0,"",,0
1817,"Haldwanicant",27,3,0,1,"Manual",04-FEB-25,"",,0,"",,0
1818,"Joshimath",27,3,0,1,"Manual",04-FEB-25,"",,0,"",,0
1819,"Mussoorieitbp",27,3,0,1,"Manual",04-FEB-25,"",,0,"",,0
1820,"Pauri",27,3,0,1,"Manual",04-FEB-25,"",,0,"",,0
1821,"Mirthiitbp",27,3,0,1,"Manual",04-FEB-25,"",,0,"",,0
1822,"Bengdubi",28,3,0,1,"Manual",04-FEB-25,"",,0,"",,0
1823,"Chittaranjanclw",28,3,0,1,"Manual",04-FEB-25,"",,0,"",,0
1824,"Haldiaioc",28,3,0,1,"Manual",04-FEB-25,"",,0,"",,0
1825,"Kalaikunda",28,3,0,1,"Manual",04-FEB-25,"",,0,"",,0
1826,"Saltlake",28,3,0,1,"Manual",04-FEB-25,"",,0,"",,0
1827,"Sevokroad",28,3,0,1,"Manual",04-FEB-25,"",,0,"",,0
1828,"Mysurubrbnmpl",11,3,0,1,"Manual",04-FEB-25,"",,0,"",,0
1829,"Pallipuramcrpf",12,3,0,1,"Manual",04-FEB-25,"",,0,"",,0
1830,"Ramavarmapuram",12,3,0,1,"Manual",04-FEB-25,"",,0,"",,0
1831,"Kavaratti",12,3,0,1,"Manual",04-FEB-25,"",,0,"",,0
1832,"Bhind",12,3,0,1,"Manual",04-FEB-25,"",,0,"",,0
1833,"Sehore",12,3,0,1,"Manual",04-FEB-25,"",,0,"",,0
1834,"Mhow",13,3,0,1,"Manual",04-FEB-25,"",,0,"",,0
1835,"Mandsaur",13,3,0,1,"Manual",04-FEB-25,"",,0,"",,0
1836,"Rajgarh",13,3,0,1,"Manual",04-FEB-25,"",,0,"",,0
1837,"Badwani",13,3,0,1,"Manual",04-FEB-25,"",,0,"",,0
1838,"Harda",13,3,0,1,"Manual",04-FEB-25,"",,0,"",,0
1839,"Bsftekanpur",13,3,0,1,"Manual",04-FEB-25,"",,0,"",,0
1840,"Ganjbasoda",13,3,0,1,"Manual",04-FEB-25,"",,0,"",,0
1841,"Dabra",13,3,0,1,"Manual",04-FEB-25,"",,0,"",,0
1842,"Chhattarpur",13,3,0,1,"Manual",04-FEB-25,"",,0,"",,0
1843,"Balaghat",13,3,0,1,"Manual",04-FEB-25,"",,0,"",,0
1844,"Damoh",13,3,0,1,"Manual",04-FEB-25,"",,0,"",,0
1845,"Jabalpurgcf",13,3,0,1,"Manual",04-FEB-25,"",,0,"",,0
1846,"Sidhi",13,3,0,1,"Manual",04-FEB-25,"",,0,"",,0
1847,"Garha",13,3,0,1,"Manual",04-FEB-25,"",,0,"",,0
1848,"Amarkantak",13,3,0,1,"Manual",04-FEB-25,"",,0,"",,0
1849,"Nagpurcrpf",14,3,0,1,"Manual",04-FEB-25,"",,0,"",,0
1850,"Nagpurajni",14,3,0,1,"Manual",04-FEB-25,"",,0,"",,0
1851,"Bhusawal",14,3,0,1,"Manual",04-FEB-25,"",,0,"",,0
1852,"Bhandup",14,3,0,1,"Manual",04-FEB-25,"",,0,"",,0
1853,"Mumbaimankhurd",14,3,0,1,"Manual",04-FEB-25,"",,0,"",,0
1854,"Panvelongc",14,3,0,1,"Manual",04-FEB-25,"",,0,"",,0
1855,"Thane",14,3,0,1,"Manual",04-FEB-25,"",,0,"",,0
1856,"Loktakhep",15,3,0,1,"Manual",04-FEB-25,"",,0,"",,0
1857,"Lungleh",15,3,0,1,"Manual",04-FEB-25,"",,0,"",,0
1858,"Keonjhar",19,3,0,1,"Manual",04-FEB-25,"",,0,"",,0
1859,"Sunabedanad",19,3,0,1,"Manual",04-FEB-25,"",,0,"",,0
1860,"Rayagada",19,3,0,1,"Manual",04-FEB-25,"",,0,"",,0
1861,"Deogarh",19,3,0,1,"Manual",04-FEB-25,"",,0,"",,0
1862,"Berhampuraska",19,3,0,1,"Manual",04-FEB-25,"",,0,"",,0
1863,"Mclsubhadra",19,3,0,1,"Manual",04-FEB-25,"",,0,"",,0
1864,"Jalalabadbsf",20,3,0,1,"Manual",04-FEB-25,"",,0,"",,0
1865,"Hussainpur",20,3,0,1,"Manual",04-FEB-25,"",,0,"",,0
1866,"Saraikhascrpf",20,3,0,1,"Manual",04-FEB-25,"",,0,"",,0
1867,"Khanpur",20,3,0,1,"Manual",04-FEB-25,"",,0,"",,0
1868,"Alwaritarana",21,3,0,1,"Manual",04-FEB-25,"",,0,"",,0
1869,"Avikanagar",21,3,0,1,"Manual",04-FEB-25,"",,0,"",,0
1870,"Baran",21,3,0,1,"Manual",04-FEB-25,"",,0,"",,0
1871,"Jhalawar",21,3,0,1,"Manual",04-FEB-25,"",,0,"",,0
1872,"Suratgarh",21,3,0,1,"Manual",04-FEB-25,"",,0,"",,0
1873,"Karauli",21,3,0,1,"Manual",04-FEB-25,"",,0,"",,0
1874,"Dungarpur",21,3,0,1,"Manual",04-FEB-25,"",,0,"",,0
1875,"Raisinghnagar",21,3,0,1,"Manual",04-FEB-25,"",,0,"",,0
1876,"Dausa",21,3,0,1,"Manual",04-FEB-25,"",,0,"",,0
1877,"Hanumangarh",21,3,0,1,"Manual",04-FEB-25,"",,0,"",,0
