"ID","LEVELID","PAYSCALE","BASICPAY","CREATEDDATE","CREATEDBY","MODIFIEDDATE","MODIFIEDBY","ISACTIVE","ISDELETED","DELETEDBY","DELETEDTIME"
1,1,"test1",7808,18-JAN-25,"pawan10035",23-JAN-25,"SystemUser",1,1,"SystemUser",23-JAN-25
2,1,"tes",7808,18-JAN-25,"pawan10035",23-JAN-25,"SystemUser",1,1,"SystemUser",23-JAN-25
3,1,"Scale-3",19100,18-JAN-25,"pawan10035",,"",1,0,"",
4,1,"Scale-4",19700,18-JAN-25,"pawan10035",,"",1,0,"",
5,1,"Scale-5",20300,18-JAN-25,"pawan10035",,"",1,0,"",
6,1,"Scale-6",20900,18-JAN-25,"pawan10035",,"",1,0,"",
7,1,"Scale-7",21500,18-JAN-25,"pawan10035",,"",1,0,"",
8,1,"Scale-8",22100,18-JAN-25,"pawan10035",,"",1,0,"",
9,1,"Scale-9",22800,18-JAN-25,"pawan10035",,"",1,0,"",
10,1,"Scale-10",23500,18-JAN-25,"pawan10035",,"",1,0,"",
11,1,"Scale-11",24200,18-JAN-25,"pawan10035",,"",1,0,"",
12,1,"Scale-12",24900,18-JAN-25,"pawan10035",,"",1,0,"",
13,1,"Scale-13",25600,18-JAN-25,"pawan10035",,"",1,0,"",
14,1,"Scale-14",26400,18-JAN-25,"pawan10035",,"",1,0,"",
15,1,"Scale-15",27200,18-JAN-25,"pawan10035",,"",1,0,"",
16,1,"Scale-16",28000,18-JAN-25,"pawan10035",,"",1,0,"",
17,1,"Scale-17",28800,18-JAN-25,"pawan10035",,"",1,0,"",
18,1,"Scale-18",29700,18-JAN-25,"pawan10035",,"",1,0,"",
19,1,"Scale-19",30600,18-JAN-25,"pawan10035",,"",1,0,"",
20,1,"Scale-20",31500,18-JAN-25,"pawan10035",,"",1,0,"",
21,1,"Scale-21",32400,18-JAN-25,"pawan10035",,"",1,0,"",
22,1,"Scale-22",33400,18-JAN-25,"pawan10035",,"",1,0,"",
23,1,"Scale-23",34400,18-JAN-25,"pawan10035",,"",1,0,"",
24,1,"Scale-24",35400,18-JAN-25,"pawan10035",,"",1,0,"",
25,1,"Scale-25",36500,18-JAN-25,"pawan10035",,"",1,0,"",
26,1,"Scale-26",37600,18-JAN-25,"pawan10035",,"",1,0,"",
27,1,"Scale-27",38700,18-JAN-25,"pawan10035",,"",1,0,"",
28,1,"Scale-28",39900,18-JAN-25,"pawan10035",,"",1,0,"",
29,1,"Scale-29",41100,18-JAN-25,"pawan10035",,"",1,0,"",
30,1,"Scale-30",42300,18-JAN-25,"pawan10035",,"",1,0,"",
31,1,"Scale-31",43600,18-JAN-25,"pawan10035",,"",1,0,"",
32,1,"Scale-32",44900,18-JAN-25,"pawan10035",,"",1,0,"",
33,1,"Scale-33",46200,18-JAN-25,"pawan10035",29-JAN-25,"SystemUser",1,0,"",
34,1,"Scale-34",47600,18-JAN-25,"pawan10035",,"",1,0,"",
35,1,"Scale-35",49000,18-JAN-25,"pawan10035",,"",1,0,"",
36,1,"Scale-36",50500,18-JAN-25,"pawan10035",,"",1,0,"",
37,1,"Scale-37",52000,18-JAN-25,"pawan10035",,"",1,0,"",
38,1,"Scale-38",53600,18-JAN-25,"pawan10035",,"",1,0,"",
39,1,"Scale-39",55200,18-JAN-25,"pawan10035",,"",1,0,"",
40,1,"Scale-40",56900,18-JAN-25,"pawan10035",,"",1,0,"",
41,2,"Scale-1",19900,18-JAN-25,"pawan10035",,"",1,0,"",
42,2,"Scale-2",20500,18-JAN-25,"pawan10035",,"",1,0,"",
43,2,"Scale-3",21100,18-JAN-25,"pawan10035",,"",1,0,"",
44,2,"Scale-4",21700,18-JAN-25,"pawan10035",,"",1,0,"",
45,2,"Scale-5",22400,18-JAN-25,"pawan10035",,"",1,0,"",
46,2,"Scale-6",23100,18-JAN-25,"pawan10035",,"",1,0,"",
47,2,"Scale-7",23800,18-JAN-25,"pawan10035",,"",1,0,"",
48,2,"Scale-8",24500,18-JAN-25,"pawan10035",,"",1,0,"",
49,2,"Scale-9",25200,18-JAN-25,"pawan10035",,"",1,0,"",
50,2,"Scale-10",26000,18-JAN-25,"pawan10035",,"",1,0,"",
51,2,"Scale-11",26800,18-JAN-25,"pawan10035",,"",1,0,"",
52,2,"Scale-12",27600,18-JAN-25,"pawan10035",,"",1,0,"",
53,2,"Scale-13",28400,18-JAN-25,"pawan10035",,"",1,0,"",
54,2,"Scale-14",29300,18-JAN-25,"pawan10035",,"",1,0,"",
55,2,"Scale-15",30200,18-JAN-25,"pawan10035",,"",1,0,"",
56,2,"Scale-16",31100,18-JAN-25,"pawan10035",,"",1,0,"",
57,2,"Scale-17",32000,18-JAN-25,"pawan10035",,"",1,0,"",
58,2,"Scale-18",33000,18-JAN-25,"pawan10035",,"",1,0,"",
59,2,"Scale-19",34000,18-JAN-25,"pawan10035",,"",1,0,"",
60,2,"Scale-20",35000,18-JAN-25,"pawan10035",,"",1,0,"",
61,2,"Scale-21",36100,18-JAN-25,"pawan10035",,"",1,0,"",
62,2,"TEST LEVEL ADDED",100045,18-JAN-25,"pawan10035",03-FEB-25,"SystemUser",1,0,"",
63,2,"Scale-23",38300,18-JAN-25,"pawan10035",,"",1,0,"",
64,2,"Scale-24",39400,18-JAN-25,"pawan10035",,"",1,0,"",
65,2,"Scale-25",40600,18-JAN-25,"pawan10035",,"",1,0,"",
66,2,"Scale-26",41800,18-JAN-25,"pawan10035",,"",1,0,"",
67,2,"Scale-27",43100,18-JAN-25,"pawan10035",,"",1,0,"",
68,2,"Scale-28",44400,18-JAN-25,"pawan10035",,"",1,0,"",
69,2,"Scale-29",45700,18-JAN-25,"pawan10035",,"",1,0,"",
70,2,"Scale-30",47100,18-JAN-25,"pawan10035",,"",1,0,"",
71,2,"Scale-31",48500,18-JAN-25,"pawan10035",,"",1,0,"",
72,2,"Scale-32",50000,18-JAN-25,"pawan10035",,"",1,0,"",
73,2,"Scale-33",51500,18-JAN-25,"pawan10035",,"",1,0,"",
74,2,"Scale-34",53000,18-JAN-25,"pawan10035",,"",1,0,"",
75,2,"Scale-35",54600,18-JAN-25,"pawan10035",,"",1,0,"",
76,2,"Scale-36",56200,18-JAN-25,"pawan10035",,"",1,0,"",
77,2,"Scale-37",57900,18-JAN-25,"pawan10035",,"",1,0,"",
78,2,"Scale-38",59600,18-JAN-25,"pawan10035",,"",1,0,"",
79,2,"Scale-39",61400,18-JAN-25,"pawan10035",,"",1,0,"",
80,2,"Scale-40",63200,18-JAN-25,"pawan10035",,"",1,0,"",
81,3,"Scale-1",21700,18-JAN-25,"pawan10035",,"",1,0,"",
82,3,"Scale-2",22400,18-JAN-25,"pawan10035",,"",1,0,"",
83,3,"Scale-3",23100,18-JAN-25,"pawan10035",,"",1,0,"",
84,3,"Scale-4",23800,18-JAN-25,"pawan10035",,"",1,0,"",
85,3,"Scale-5",24500,18-JAN-25,"pawan10035",,"",1,0,"",
86,3,"Scale-6",25200,18-JAN-25,"pawan10035",,"",1,0,"",
87,3,"Scale-7",26000,18-JAN-25,"pawan10035",,"",1,0,"",
88,3,"Scale-8",26800,18-JAN-25,"pawan10035",,"",1,0,"",
89,3,"Scale-9",27600,18-JAN-25,"pawan10035",,"",1,0,"",
90,3,"Scale-10",28400,18-JAN-25,"pawan10035",,"",1,0,"",
91,3,"Scale-11",29300,18-JAN-25,"pawan10035",,"",1,0,"",
92,3,"Scale-12",30200,18-JAN-25,"pawan10035",,"",1,0,"",
93,3,"Scale-13",31100,18-JAN-25,"pawan10035",,"",1,0,"",
94,3,"Scale-14",32000,18-JAN-25,"pawan10035",,"",1,0,"",
95,3,"Scale-15",33000,18-JAN-25,"pawan10035",,"",1,0,"",
96,3,"Scale-16",34000,18-JAN-25,"pawan10035",,"",1,0,"",
97,3,"Scale-17",35000,18-JAN-25,"pawan10035",,"",1,0,"",
98,3,"Scale-18",36100,18-JAN-25,"pawan10035",,"",1,0,"",
99,3,"Scale-19",37200,18-JAN-25,"pawan10035",,"",1,0,"",
100,3,"Scale-20",38300,18-JAN-25,"pawan10035",,"",1,0,"",
101,3,"Scale-21",39400,18-JAN-25,"pawan10035",,"",1,0,"",
102,3,"Scale-22",40600,18-JAN-25,"pawan10035",,"",1,0,"",
103,3,"Scale-23",41800,18-JAN-25,"pawan10035",,"",1,0,"",
104,3,"Scale-24",43100,18-JAN-25,"pawan10035",,"",1,0,"",
105,3,"Scale-25",44400,18-JAN-25,"pawan10035",,"",1,0,"",
106,3,"Scale-26",45700,18-JAN-25,"pawan10035",,"",1,0,"",
107,3,"Scale-27",47100,18-JAN-25,"pawan10035",,"",1,0,"",
108,3,"Scale-28",48500,18-JAN-25,"pawan10035",,"",1,0,"",
109,3,"Scale-29",50000,18-JAN-25,"pawan10035",,"",1,0,"",
110,3,"Scale-30",51500,18-JAN-25,"pawan10035",,"",1,0,"",
111,3,"Scale-31",53000,18-JAN-25,"pawan10035",,"",1,0,"",
112,3,"Scale-32",54600,18-JAN-25,"pawan10035",,"",1,0,"",
113,3,"Scale-33",56200,18-JAN-25,"pawan10035",,"",1,0,"",
114,3,"Scale-34",57900,18-JAN-25,"pawan10035",,"",1,0,"",
115,3,"Scale-35",59600,18-JAN-25,"pawan10035",,"",1,0,"",
116,3,"Scale-36",61400,18-JAN-25,"pawan10035",,"",1,0,"",
117,3,"Scale-37",63200,18-JAN-25,"pawan10035",,"",1,0,"",
118,3,"Scale-38",65100,18-JAN-25,"pawan10035",,"",1,0,"",
119,3,"Scale-39",67100,18-JAN-25,"pawan10035",,"",1,0,"",
120,3,"Scale-40",69100,18-JAN-25,"pawan10035",,"",1,0,"",
121,4,"Scale-1",25500,18-JAN-25,"pawan10035",,"",1,0,"",
122,4,"Scale-2",26300,18-JAN-25,"pawan10035",,"",1,0,"",
123,4,"Scale-3",27100,18-JAN-25,"pawan10035",,"",1,0,"",
124,4,"Scale-4",27900,18-JAN-25,"pawan10035",,"",1,0,"",
125,4,"Scale-5",28700,18-JAN-25,"pawan10035",,"",1,0,"",
126,4,"Scale-6",29600,18-JAN-25,"pawan10035",,"",1,0,"",
127,4,"Scale-7",30500,18-JAN-25,"pawan10035",,"",1,0,"",
128,4,"Scale-8",31400,18-JAN-25,"pawan10035",,"",1,0,"",
129,4,"Scale-9",32300,18-JAN-25,"pawan10035",,"",1,0,"",
130,4,"Scale-10",33300,18-JAN-25,"pawan10035",,"",1,0,"",
131,4,"Scale-11",34300,18-JAN-25,"pawan10035",,"",1,0,"",
132,4,"Scale-12",35300,18-JAN-25,"pawan10035",,"",1,0,"",
133,4,"Scale-13",36400,18-JAN-25,"pawan10035",,"",1,0,"",
134,4,"Scale-14",37500,18-JAN-25,"pawan10035",,"",1,0,"",
135,4,"Scale-15",38600,18-JAN-25,"pawan10035",,"",1,0,"",
136,4,"Scale-16",39800,18-JAN-25,"pawan10035",,"",1,0,"",
137,4,"Scale-17",41000,18-JAN-25,"pawan10035",,"",1,0,"",
138,4,"Scale-18",42200,18-JAN-25,"pawan10035",,"",1,0,"",
139,4,"Scale-19",43500,18-JAN-25,"pawan10035",,"",1,0,"",
140,4,"Scale-20",44800,18-JAN-25,"pawan10035",,"",1,0,"",
141,4,"Scale-21",46100,18-JAN-25,"pawan10035",,"",1,0,"",
142,4,"Scale-22",47500,18-JAN-25,"pawan10035",,"",1,0,"",
143,4,"Scale-23",48900,18-JAN-25,"pawan10035",,"",1,0,"",
144,4,"Scale-24",50400,18-JAN-25,"pawan10035",,"",1,0,"",
145,4,"Scale-25",51900,18-JAN-25,"pawan10035",,"",1,0,"",
146,4,"Scale-26",53500,18-JAN-25,"pawan10035",,"",1,0,"",
147,4,"Scale-27",55100,18-JAN-25,"pawan10035",,"",1,0,"",
148,4,"Scale-28",56800,18-JAN-25,"pawan10035",,"",1,0,"",
149,4,"Scale-29",58500,18-JAN-25,"pawan10035",,"",1,0,"",
150,4,"Scale-30",60300,18-JAN-25,"pawan10035",,"",1,0,"",
151,4,"Scale-31",62100,18-JAN-25,"pawan10035",,"",1,0,"",
152,4,"Scale-32",64000,18-JAN-25,"pawan10035",,"",1,0,"",
153,4,"Scale-33",65900,18-JAN-25,"pawan10035",,"",1,0,"",
154,4,"Scale-34",67900,18-JAN-25,"pawan10035",,"",1,0,"",
155,4,"Scale-35",69900,18-JAN-25,"pawan10035",,"",1,0,"",
156,4,"Scale-36",72000,18-JAN-25,"pawan10035",,"",1,0,"",
157,4,"Scale-37",74200,18-JAN-25,"pawan10035",,"",1,0,"",
158,4,"Scale-38",76400,18-JAN-25,"pawan10035",,"",1,0,"",
159,4,"Scale-39",78700,18-JAN-25,"pawan10035",,"",1,0,"",
160,4,"Scale-40",81100,18-JAN-25,"pawan10035",,"",1,0,"",
161,5,"Scale-1",29200,18-JAN-25,"pawan10035",,"",1,0,"",
162,5,"Scale-2",30100,18-JAN-25,"pawan10035",,"",1,0,"",
163,5,"Scale-3",31000,18-JAN-25,"pawan10035",,"",1,0,"",
164,5,"Scale-4",31900,18-JAN-25,"pawan10035",,"",1,0,"",
165,5,"Scale-5",32900,18-JAN-25,"pawan10035",,"",1,0,"",
166,5,"Scale-6",33900,18-JAN-25,"pawan10035",,"",1,0,"",
167,5,"Scale-7",34900,18-JAN-25,"pawan10035",,"",1,0,"",
168,5,"Scale-8",35900,18-JAN-25,"pawan10035",,"",1,0,"",
169,5,"Scale-9",37000,18-JAN-25,"pawan10035",,"",1,0,"",
170,5,"Scale-10",38100,18-JAN-25,"pawan10035",,"",1,0,"",
171,5,"Scale-11",39200,18-JAN-25,"pawan10035",,"",1,0,"",
172,5,"Scale-12",40400,18-JAN-25,"pawan10035",,"",1,0,"",
173,5,"Scale-13",41600,18-JAN-25,"pawan10035",,"",1,0,"",
174,5,"Scale-14",42800,18-JAN-25,"pawan10035",,"",1,0,"",
175,5,"Scale-15",44100,18-JAN-25,"pawan10035",,"",1,0,"",
176,5,"Scale-16",45400,18-JAN-25,"pawan10035",,"",1,0,"",
177,5,"Scale-17",46800,18-JAN-25,"pawan10035",,"",1,0,"",
178,5,"Scale-18",48200,18-JAN-25,"pawan10035",,"",1,0,"",
179,5,"Scale-19",49600,18-JAN-25,"pawan10035",,"",1,0,"",
180,5,"Scale-20",51100,18-JAN-25,"pawan10035",,"",1,0,"",
181,5,"Scale-21",52600,18-JAN-25,"pawan10035",,"",1,0,"",
182,5,"Scale-22",54200,18-JAN-25,"pawan10035",,"",1,0,"",
183,5,"Scale-23",55800,18-JAN-25,"pawan10035",,"",1,0,"",
184,5,"Scale-24",57500,18-JAN-25,"pawan10035",,"",1,0,"",
185,5,"Scale-25",59200,18-JAN-25,"pawan10035",,"",1,0,"",
186,5,"Scale-26",61000,18-JAN-25,"pawan10035",,"",1,0,"",
187,5,"Scale-27",62800,18-JAN-25,"pawan10035",,"",1,0,"",
188,5,"Scale-28",64700,18-JAN-25,"pawan10035",,"",1,0,"",
189,5,"Scale-29",66600,18-JAN-25,"pawan10035",,"",1,0,"",
190,5,"Scale-30",68600,18-JAN-25,"pawan10035",,"",1,0,"",
191,5,"Scale-31",70700,18-JAN-25,"pawan10035",,"",1,0,"",
192,5,"Scale-32",72800,18-JAN-25,"pawan10035",,"",1,0,"",
193,5,"Scale-33",75000,18-JAN-25,"pawan10035",,"",1,0,"",
194,5,"Scale-34",77300,18-JAN-25,"pawan10035",,"",1,0,"",
195,5,"Scale-35",79600,18-JAN-25,"pawan10035",,"",1,0,"",
196,5,"Scale-36",82000,18-JAN-25,"pawan10035",,"",1,0,"",
197,5,"Scale-37",84500,18-JAN-25,"pawan10035",,"",1,0,"",
198,5,"Scale-38",87000,18-JAN-25,"pawan10035",,"",1,0,"",
199,5,"Scale-39",89600,18-JAN-25,"pawan10035",,"",1,0,"",
200,5,"Scale-40",92300,18-JAN-25,"pawan10035",,"",1,0,"",
201,6,"Scale-1",35400,18-JAN-25,"pawan10035",,"",1,0,"",
202,6,"Scale-2",36500,18-JAN-25,"pawan10035",,"",1,0,"",
203,6,"Scale-3",37600,18-JAN-25,"pawan10035",,"",1,0,"",
204,6,"Scale-4",38700,18-JAN-25,"pawan10035",,"",1,0,"",
205,6,"Scale-5",39900,18-JAN-25,"pawan10035",,"",1,0,"",
206,6,"Scale-6",41100,18-JAN-25,"pawan10035",,"",1,0,"",
207,6,"Scale-7",42300,18-JAN-25,"pawan10035",,"",1,0,"",
208,6,"Scale-8",43600,18-JAN-25,"pawan10035",,"",1,0,"",
209,6,"Scale-9",44900,18-JAN-25,"pawan10035",,"",1,0,"",
210,6,"Scale-10",46200,18-JAN-25,"pawan10035",,"",1,0,"",
211,6,"Scale-11",47600,18-JAN-25,"pawan10035",,"",1,0,"",
212,6,"Scale-12",49000,18-JAN-25,"pawan10035",,"",1,0,"",
213,6,"Scale-13",50500,18-JAN-25,"pawan10035",,"",1,0,"",
214,6,"Scale-14",52000,18-JAN-25,"pawan10035",,"",1,0,"",
215,6,"Scale-15",53600,18-JAN-25,"pawan10035",,"",1,0,"",
216,6,"Scale-16",55200,18-JAN-25,"pawan10035",,"",1,0,"",
217,6,"Scale-17",56900,18-JAN-25,"pawan10035",,"",1,0,"",
218,6,"Scale-18",58600,18-JAN-25,"pawan10035",,"",1,0,"",
219,6,"Scale-19",60400,18-JAN-25,"pawan10035",,"",1,0,"",
220,6,"Scale-20",62200,18-JAN-25,"pawan10035",,"",1,0,"",
221,6,"Scale-21",64100,18-JAN-25,"pawan10035",,"",1,0,"",
222,6,"Scale-22",66000,18-JAN-25,"pawan10035",,"",1,0,"",
223,6,"Scale-23",68000,18-JAN-25,"pawan10035",,"",1,0,"",
224,6,"Scale-24",70000,18-JAN-25,"pawan10035",,"",1,0,"",
225,6,"Scale-25",72100,18-JAN-25,"pawan10035",,"",1,0,"",
226,6,"Scale-26",74300,18-JAN-25,"pawan10035",,"",1,0,"",
227,6,"Scale-27",76500,18-JAN-25,"pawan10035",,"",1,0,"",
228,6,"Scale-28",78800,18-JAN-25,"pawan10035",,"",1,0,"",
229,6,"Scale-29",81200,18-JAN-25,"pawan10035",,"",1,0,"",
230,6,"Scale-30",83600,18-JAN-25,"pawan10035",,"",1,0,"",
231,6,"Scale-31",86100,18-JAN-25,"pawan10035",,"",1,0,"",
232,6,"Scale-32",88700,18-JAN-25,"pawan10035",,"",1,0,"",
233,6,"Scale-33",91400,18-JAN-25,"pawan10035",,"",1,0,"",
234,6,"Scale-34",94100,18-JAN-25,"pawan10035",,"",1,0,"",
235,6,"Scale-35",96900,18-JAN-25,"pawan10035",,"",1,0,"",
236,6,"Scale-36",99800,18-JAN-25,"pawan10035",,"",1,0,"",
237,6,"Scale-37",102800,18-JAN-25,"pawan10035",,"",1,0,"",
238,6,"Scale-38",105900,18-JAN-25,"pawan10035",,"",1,0,"",
239,6,"Scale-39",109100,18-JAN-25,"pawan10035",,"",1,0,"",
240,6,"Scale-40",112400,18-JAN-25,"pawan10035",,"",1,0,"",
241,7,"Scale-1",44900,18-JAN-25,"pawan10035",,"",1,0,"",
242,7,"Scale-2",46200,18-JAN-25,"pawan10035",,"",1,0,"",
243,7,"Scale-3",47600,18-JAN-25,"pawan10035",,"",1,0,"",
244,7,"Scale-4",49000,18-JAN-25,"pawan10035",,"",1,0,"",
245,7,"Scale-5",50500,18-JAN-25,"pawan10035",,"",1,0,"",
246,7,"Scale-6",52000,18-JAN-25,"pawan10035",,"",1,0,"",
247,7,"Scale-7",53600,18-JAN-25,"pawan10035",,"",1,0,"",
248,7,"Scale-8",55200,18-JAN-25,"pawan10035",,"",1,0,"",
249,7,"Scale-9",56900,18-JAN-25,"pawan10035",,"",1,0,"",
250,7,"Scale-10",58600,18-JAN-25,"pawan10035",,"",1,0,"",
251,7,"Scale-11",60400,18-JAN-25,"pawan10035",,"",1,0,"",
252,7,"Scale-12",62200,18-JAN-25,"pawan10035",,"",1,0,"",
253,7,"Scale-13",64100,18-JAN-25,"pawan10035",,"",1,0,"",
254,7,"Scale-14",66000,18-JAN-25,"pawan10035",,"",1,0,"",
255,7,"Scale-15",68000,18-JAN-25,"pawan10035",,"",1,0,"",
256,7,"Scale-16",70000,18-JAN-25,"pawan10035",,"",1,0,"",
257,7,"Scale-17",72100,18-JAN-25,"pawan10035",,"",1,0,"",
258,7,"Scale-18",74300,18-JAN-25,"pawan10035",,"",1,0,"",
259,7,"Scale-19",76500,18-JAN-25,"pawan10035",,"",1,0,"",
260,7,"Scale-20",78800,18-JAN-25,"pawan10035",,"",1,0,"",
261,7,"Scale-21",81200,18-JAN-25,"pawan10035",,"",1,0,"",
262,7,"Scale-22",83600,18-JAN-25,"pawan10035",,"",1,0,"",
263,7,"Scale-23",86100,18-JAN-25,"pawan10035",,"",1,0,"",
264,7,"Scale-24",88700,18-JAN-25,"pawan10035",,"",1,0,"",
265,7,"Scale-25",91400,18-JAN-25,"pawan10035",,"",1,0,"",
266,7,"Scale-26",94100,18-JAN-25,"pawan10035",,"",1,0,"",
267,7,"Scale-27",96900,18-JAN-25,"pawan10035",,"",1,0,"",
268,7,"Scale-28",99800,18-JAN-25,"pawan10035",,"",1,0,"",
269,7,"Scale-29",102800,18-JAN-25,"pawan10035",,"",1,0,"",
270,7,"Scale-30",105900,18-JAN-25,"pawan10035",,"",1,0,"",
271,7,"Scale-31",109100,18-JAN-25,"pawan10035",,"",1,0,"",
272,7,"Scale-32",112400,18-JAN-25,"pawan10035",,"",1,0,"",
273,7,"Scale-33",115800,18-JAN-25,"pawan10035",,"",1,0,"",
274,7,"Scale-34",119300,18-JAN-25,"pawan10035",,"",1,0,"",
275,7,"Scale-35",122900,18-JAN-25,"pawan10035",,"",1,0,"",
276,7,"Scale-36",126600,18-JAN-25,"pawan10035",,"",1,0,"",
277,7,"Scale-37",130400,18-JAN-25,"pawan10035",,"",1,0,"",
278,7,"Scale-38",134300,18-JAN-25,"pawan10035",,"",1,0,"",
279,7,"Scale-39",138300,18-JAN-25,"pawan10035",,"",1,0,"",
280,7,"Scale-40",142400,18-JAN-25,"pawan10035",,"",1,0,"",
281,8,"Scale-1",47900,18-JAN-25,"pawan10035",,"",1,0,"",
282,8,"Scale-2",49000,18-JAN-25,"pawan10035",,"",1,0,"",
283,8,"Scale-3",50500,18-JAN-25,"pawan10035",,"",1,0,"",
284,8,"Scale-4",52000,18-JAN-25,"pawan10035",,"",1,0,"",
285,8,"Scale-5",53600,18-JAN-25,"pawan10035",,"",1,0,"",
286,8,"Scale-6",55200,18-JAN-25,"pawan10035",,"",1,0,"",
287,8,"Scale-7",56900,18-JAN-25,"pawan10035",,"",1,0,"",
288,8,"Scale-8",68600,18-JAN-25,"pawan10035",,"",1,0,"",
289,8,"Scale-9",60400,18-JAN-25,"pawan10035",,"",1,0,"",
433,11,"Scale-33",174800,18-JAN-25,"pawan10035",,"",1,0,"",
434,11,"Scale-34",180000,18-JAN-25,"pawan10035",,"",1,0,"",
435,11,"Scale-35",185400,18-JAN-25,"pawan10035",,"",1,0,"",
436,11,"Scale-36",191000,18-JAN-25,"pawan10035",,"",1,0,"",
437,11,"Scale-37",196700,18-JAN-25,"pawan10035",,"",1,0,"",
438,11,"Scale-38",202600,18-JAN-25,"pawan10035",,"",1,0,"",
439,11,"Scale-39",208700,18-JAN-25,"pawan10035",,"",1,0,"",
440,12,"Scale-1",78800,18-JAN-25,"pawan10035",,"",1,0,"",
441,12,"Scale-2",81200,18-JAN-25,"pawan10035",,"",1,0,"",
442,12,"Scale-3",83600,18-JAN-25,"pawan10035",,"",1,0,"",
443,12,"Scale-4",86100,18-JAN-25,"pawan10035",,"",1,0,"",
444,12,"Scale-5",88700,18-JAN-25,"pawan10035",,"",1,0,"",
445,12,"Scale-6",91400,18-JAN-25,"pawan10035",,"",1,0,"",
446,12,"Scale-7",94100,18-JAN-25,"pawan10035",,"",1,0,"",
447,12,"Scale-8",96900,18-JAN-25,"pawan10035",,"",1,0,"",
448,12,"Scale-9",99800,18-JAN-25,"pawan10035",,"",1,0,"",
449,12,"Scale-10",102800,18-JAN-25,"pawan10035",,"",1,0,"",
450,12,"Scale-11",105900,18-JAN-25,"pawan10035",,"",1,0,"",
451,12,"Scale-12",109100,18-JAN-25,"pawan10035",,"",1,0,"",
452,12,"Scale-13",112400,18-JAN-25,"pawan10035",,"",1,0,"",
453,12,"Scale-14",115800,18-JAN-25,"pawan10035",,"",1,0,"",
454,12,"Scale-15",119300,18-JAN-25,"pawan10035",,"",1,0,"",
455,12,"Scale-16",122900,18-JAN-25,"pawan10035",,"",1,0,"",
456,12,"Scale-17",126600,18-JAN-25,"pawan10035",,"",1,0,"",
457,12,"Scale-18",130400,18-JAN-25,"pawan10035",,"",1,0,"",
458,12,"Scale-19",134300,18-JAN-25,"pawan10035",,"",1,0,"",
459,12,"Scale-20",138300,18-JAN-25,"pawan10035",,"",1,0,"",
460,12,"Scale-21",142400,18-JAN-25,"pawan10035",,"",1,0,"",
461,12,"Scale-22",146700,18-JAN-25,"pawan10035",,"",1,0,"",
462,12,"Scale-23",151100,18-JAN-25,"pawan10035",,"",1,0,"",
463,12,"Scale-24",155600,18-JAN-25,"pawan10035",,"",1,0,"",
464,12,"Scale-25",160300,18-JAN-25,"pawan10035",,"",1,0,"",
465,12,"Scale-26",165100,18-JAN-25,"pawan10035",,"",1,0,"",
466,12,"Scale-27",170100,18-JAN-25,"pawan10035",,"",1,0,"",
467,12,"Scale-28",175200,18-JAN-25,"pawan10035",,"",1,0,"",
468,12,"Scale-29",180500,18-JAN-25,"pawan10035",,"",1,0,"",
469,12,"Scale-30",185900,18-JAN-25,"pawan10035",,"",1,0,"",
470,12,"Scale-31",191500,18-JAN-25,"pawan10035",,"",1,0,"",
471,12,"Scale-32",197200,18-JAN-25,"pawan10035",,"",1,0,"",
472,12,"Scale-33",203100,18-JAN-25,"pawan10035",,"",1,0,"",
473,12,"Scale-34",209200,18-JAN-25,"pawan10035",,"",1,0,"",
474,13,"Scale-1",123100,18-JAN-25,"pawan10035",,"",1,0,"",
475,13,"Scale-2",126800,18-JAN-25,"pawan10035",,"",1,0,"",
476,13,"Scale-3",130600,18-JAN-25,"pawan10035",,"",1,0,"",
477,13,"Scale-4",134500,18-JAN-25,"pawan10035",,"",1,0,"",
478,13,"Scale-5",138500,18-JAN-25,"pawan10035",,"",1,0,"",
479,13,"Scale-6",142700,18-JAN-25,"pawan10035",,"",1,0,"",
480,13,"Scale-7",147000,18-JAN-25,"pawan10035",,"",1,0,"",
481,13,"Scale-8",151400,18-JAN-25,"pawan10035",,"",1,0,"",
482,13,"Scale-9",155900,18-JAN-25,"pawan10035",,"",1,0,"",
483,13,"Scale-10",160600,18-JAN-25,"pawan10035",,"",1,0,"",
484,13,"Scale-11",165400,18-JAN-25,"pawan10035",,"",1,0,"",
485,13,"Scale-12",170400,18-JAN-25,"pawan10035",,"",1,0,"",
486,13,"Scale-13",175500,18-JAN-25,"pawan10035",,"",1,0,"",
487,13,"Scale-14",180800,18-JAN-25,"pawan10035",,"",1,0,"",
488,13,"Scale-15",186200,18-JAN-25,"pawan10035",,"",1,0,"",
489,13,"Scale-16",191800,18-JAN-25,"pawan10035",,"",1,0,"",
490,13,"Scale-17",197600,18-JAN-25,"pawan10035",,"",1,0,"",
491,13,"Scale-18",203500,18-JAN-25,"pawan10035",,"",1,0,"",
492,13,"Scale-19",209600,18-JAN-25,"pawan10035",,"",1,0,"",
493,13,"Scale-20",215900,18-JAN-25,"pawan10035",,"",1,0,"",
494,14,"Scale-1",131100,18-JAN-25,"pawan10035",,"",1,0,"",
495,14,"Scale-2",135000,18-JAN-25,"pawan10035",,"",1,0,"",
496,14,"Scale-3",139100,18-JAN-25,"pawan10035",,"",1,0,"",
497,14,"Scale-4",143300,18-JAN-25,"pawan10035",,"",1,0,"",
498,14,"Scale-5",147600,18-JAN-25,"pawan10035",,"",1,0,"",
499,14,"Scale-6",152000,18-JAN-25,"pawan10035",,"",1,0,"",
500,14,"Scale-7",156600,18-JAN-25,"pawan10035",,"",1,0,"",
501,14,"Scale-8",161300,18-JAN-25,"pawan10035",,"",1,0,"",
502,14,"Scale-9",166100,18-JAN-25,"pawan10035",,"",1,0,"",
503,14,"Scale-10",171100,18-JAN-25,"pawan10035",,"",1,0,"",
504,14,"Scale-11",176200,18-JAN-25,"pawan10035",,"",1,0,"",
505,14,"Scale-12",181500,18-JAN-25,"pawan10035",,"",1,0,"",
506,14,"Scale-13",186900,18-JAN-25,"pawan10035",,"",1,0,"",
507,14,"Scale-14",192500,18-JAN-25,"pawan10035",,"",1,0,"",
508,14,"Scale-15",198300,18-JAN-25,"pawan10035",,"",1,0,"",
509,14,"Scale-16",204200,18-JAN-25,"pawan10035",,"",1,0,"",
510,14,"Scale-17",210300,18-JAN-25,"pawan10035",,"",1,0,"",
511,14,"Scale-18",216600,18-JAN-25,"pawan10035",,"",1,0,"",
512,15,"Scale-1",144200,18-JAN-25,"pawan10035",,"",1,0,"",
513,15,"Scale-2",148500,18-JAN-25,"pawan10035",,"",1,0,"",
514,15,"Scale-3",153000,18-JAN-25,"pawan10035",,"",1,0,"",
515,15,"Scale-4",157600,18-JAN-25,"pawan10035",,"",1,0,"",
516,15,"Scale-5",162300,18-JAN-25,"pawan10035",,"",1,0,"",
517,15,"Scale-6",167200,18-JAN-25,"pawan10035",,"",1,0,"",
518,15,"Scale-7",172200,18-JAN-25,"pawan10035",,"",1,0,"",
519,15,"Scale-8",177400,18-JAN-25,"pawan10035",,"",1,0,"",
520,15,"Scale-9",182700,18-JAN-25,"pawan10035",,"",1,0,"",
521,15,"Scale-10",188200,18-JAN-25,"pawan10035",,"",1,0,"",
522,15,"Scale-11",193800,18-JAN-25,"pawan10035",,"",1,0,"",
523,15,"Scale-12",199600,18-JAN-25,"pawan10035",,"",1,0,"",
524,15,"Scale-13",205600,18-JAN-25,"pawan10035",,"",1,0,"",
525,15,"Scale-14",211800,18-JAN-25,"pawan10035",,"",1,0,"",
526,15,"Scale-15",218200,18-JAN-25,"pawan10035",,"",1,0,"",
527,16,"Scale-1",182200,18-JAN-25,"pawan10035",,"",1,0,"",
528,16,"Scale-2",187700,18-JAN-25,"pawan10035",,"",1,0,"",
529,16,"Scale-3",193300,18-JAN-25,"pawan10035",,"",1,0,"",
530,16,"Scale-4",199100,18-JAN-25,"pawan10035",,"",1,0,"",
531,16,"Scale-5",205100,18-JAN-25,"pawan10035",,"",1,0,"",
532,16,"Scale-6",211300,18-JAN-25,"pawan10035",,"",1,0,"",
533,16,"Scale-7",217600,18-JAN-25,"pawan10035",,"",1,0,"",
534,16,"Scale-8",224100,18-JAN-25,"pawan10035",,"",1,0,"",
535,17,"Scale-1",205400,18-JAN-25,"pawan10035",,"",1,0,"",
536,17,"Scale-2",211600,18-JAN-25,"pawan10035",,"",1,0,"",
537,17,"Scale-3",217900,18-JAN-25,"pawan10035",,"",1,0,"",
538,17,"Scale-4",224400,18-JAN-25,"pawan10035",,"",1,0,"",
539,18,"Scale-1",225000,18-JAN-25,"pawan10035",,"",1,0,"",
541,1,"Level-1",89000,18-JAN-25,"SystemUser",,"",1,1,"SystemUser",18-JAN-25
563,1,"Scale-1",60000,20-JAN-25,"SystemUser",24-JAN-25,"SystemUser",1,0,"",
564,1,"Scale-1",70000,20-JAN-25,"SystemUser",24-JAN-25,"SystemUser",1,0,"",
581,1,"Scale-1",45000,21-JAN-25,"SystemUser",22-JAN-25,"SystemUser",1,0,"",
582,1,"Level-1",23000,21-JAN-25,"SystemUser",21-JAN-25,"SystemUser",1,1,"",
601,1,"Scale-2",22000,21-JAN-25,"SystemUser",23-JAN-25,"SystemUser",1,0,"",
602,2,"Level-2",23000,21-JAN-25,"SystemUser",,"",1,1,"",
603,2,"Level-2",67000,21-JAN-25,"SystemUser",,"",1,1,"",
604,2,"Level-2",12000,21-JAN-25,"SystemUser",,"",1,1,"",
624,4,"Level-4",23000,22-JAN-25,"SystemUser",22-JAN-25,"SystemUser",1,1,"",
627,62,"TEST LEVEL ADDED",2000,22-JAN-25,"SystemUser",,"",1,0,"",
641,1,"Scale-2",8999,22-JAN-25,"SystemUser",23-JAN-25,"SystemUser",1,0,"",
642,1,"Scale-1",78998,22-JAN-25,"SystemUser",,"",1,1,"SystemUser",29-JAN-25
643,1,"Scale-2",23445,22-JAN-25,"SystemUser",,"",1,0,"",
644,18,"Scale-1",12000,22-JAN-25,"SystemUser",,"",1,0,"",
645,18,"Scale-1",12800,22-JAN-25,"SystemUser",,"",1,0,"",
648,1,"Scale-1",1222,23-JAN-25,"SystemUser",,"",1,0,"",
650,1,"Scale-2",23999,23-JAN-25,"SystemUser",,"",1,0,"",
652,1,"Scale-2",9000,23-JAN-25,"SystemUser",,"",1,0,"",
654,62,"Scale-2",5600,23-JAN-25,"SystemUser",23-JAN-25,"SystemUser",1,1,"SystemUser",23-JAN-25
661,62,"Scale-1",60000,24-JAN-25,"SystemUser",24-JAN-25,"SystemUser",1,0,"",
662,62,"Scale-1",2000,24-JAN-25,"SystemUser",,"",1,0,"",
681,1,"Scale-1",4533,29-JAN-25,"SystemUser",,"",1,0,"",
621,2,"Level-2",22000,22-JAN-25,"SystemUser",,"",1,1,"",
623,18,"Scale-777",77000,22-JAN-25,"SystemUser",22-JAN-25,"SystemUser",1,0,"",
625,1,"Level-1",70002,22-JAN-25,"SystemUser",22-JAN-25,"SystemUser",1,1,"SystemUser",22-JAN-25
626,62,"TEST LEVEL ADDED",60000,22-JAN-25,"SystemUser",24-JAN-25,"SystemUser",1,0,"",
628,62,"TEST LEVEL ADDED",3000,22-JAN-25,"SystemUser",,"",1,0,"",
646,15,"Scale-1",12000,23-JAN-25,"SystemUser",,"",1,0,"",
647,1,"Scale-1",23000,23-JAN-25,"SystemUser",,"",1,0,"",
649,1,"Scale-2",34000,23-JAN-25,"SystemUser",,"",1,0,"",
651,2,"test",78098,23-JAN-25,"SystemUser",,"",1,0,"",
653,1,"abc",23344,23-JAN-25,"SystemUser",,"",1,0,"",
290,8,"Scale-10",62200,18-JAN-25,"pawan10035",,"",1,0,"",
291,8,"Scale-11",64100,18-JAN-25,"pawan10035",,"",1,0,"",
292,8,"Scale-12",66000,18-JAN-25,"pawan10035",,"",1,0,"",
293,8,"Scale-13",68000,18-JAN-25,"pawan10035",,"",1,0,"",
294,8,"Scale-14",70000,18-JAN-25,"pawan10035",,"",1,0,"",
295,8,"Scale-15",72100,18-JAN-25,"pawan10035",,"",1,0,"",
296,8,"Scale-16",74300,18-JAN-25,"pawan10035",,"",1,0,"",
297,8,"Scale-17",76500,18-JAN-25,"pawan10035",,"",1,0,"",
298,8,"Scale-18",78800,18-JAN-25,"pawan10035",,"",1,0,"",
299,8,"Scale-19",81200,18-JAN-25,"pawan10035",,"",1,0,"",
300,8,"Scale-20",83600,18-JAN-25,"pawan10035",,"",1,0,"",
301,8,"Scale-21",86100,18-JAN-25,"pawan10035",,"",1,0,"",
302,8,"Scale-22",88700,18-JAN-25,"pawan10035",,"",1,0,"",
303,8,"Scale-23",91400,18-JAN-25,"pawan10035",,"",1,0,"",
304,8,"Scale-24",94100,18-JAN-25,"pawan10035",,"",1,0,"",
305,8,"Scale-25",96900,18-JAN-25,"pawan10035",,"",1,0,"",
306,8,"Scale-26",99800,18-JAN-25,"pawan10035",,"",1,0,"",
307,8,"Scale-27",102800,18-JAN-25,"pawan10035",,"",1,0,"",
308,8,"Scale-28",105900,18-JAN-25,"pawan10035",,"",1,0,"",
309,8,"Scale-29",109100,18-JAN-25,"pawan10035",,"",1,0,"",
310,8,"Scale-30",112400,18-JAN-25,"pawan10035",,"",1,0,"",
311,8,"Scale-31",115800,18-JAN-25,"pawan10035",,"",1,0,"",
312,8,"Scale-32",119300,18-JAN-25,"pawan10035",,"",1,0,"",
313,8,"Scale-33",122900,18-JAN-25,"pawan10035",,"",1,0,"",
314,8,"Scale-34",126600,18-JAN-25,"pawan10035",,"",1,0,"",
315,8,"Scale-35",130400,18-JAN-25,"pawan10035",,"",1,0,"",
316,8,"Scale-36",134300,18-JAN-25,"pawan10035",,"",1,0,"",
317,8,"Scale-37",138300,18-JAN-25,"pawan10035",,"",1,0,"",
318,8,"Scale-38",142400,18-JAN-25,"pawan10035",,"",1,0,"",
319,8,"Scale-39",146700,18-JAN-25,"pawan10035",,"",1,0,"",
320,8,"Scale-40",151100,18-JAN-25,"pawan10035",,"",1,0,"",
321,9,"Scale-1",53100,18-JAN-25,"pawan10035",,"",1,0,"",
322,9,"Scale-2",54700,18-JAN-25,"pawan10035",,"",1,0,"",
323,9,"Scale-3",56300,18-JAN-25,"pawan10035",,"",1,0,"",
324,9,"Scale-4",58000,18-JAN-25,"pawan10035",,"",1,0,"",
325,9,"Scale-5",59700,18-JAN-25,"pawan10035",,"",1,0,"",
326,9,"Scale-6",61500,18-JAN-25,"pawan10035",,"",1,0,"",
327,9,"Scale-7",63300,18-JAN-25,"pawan10035",,"",1,0,"",
328,9,"Scale-8",65200,18-JAN-25,"pawan10035",,"",1,0,"",
329,9,"Scale-9",67200,18-JAN-25,"pawan10035",,"",1,0,"",
330,9,"Scale-10",69200,18-JAN-25,"pawan10035",,"",1,0,"",
331,9,"Scale-11",71300,18-JAN-25,"pawan10035",,"",1,0,"",
332,9,"Scale-12",73400,18-JAN-25,"pawan10035",,"",1,0,"",
333,9,"Scale-13",75600,18-JAN-25,"pawan10035",,"",1,0,"",
334,9,"Scale-14",77900,18-JAN-25,"pawan10035",,"",1,0,"",
335,9,"Scale-15",80200,18-JAN-25,"pawan10035",,"",1,0,"",
336,9,"Scale-16",82600,18-JAN-25,"pawan10035",,"",1,0,"",
337,9,"Scale-17",85100,18-JAN-25,"pawan10035",,"",1,0,"",
338,9,"Scale-18",87700,18-JAN-25,"pawan10035",,"",1,0,"",
339,9,"Scale-19",90300,18-JAN-25,"pawan10035",,"",1,0,"",
340,9,"Scale-20",93000,18-JAN-25,"pawan10035",,"",1,0,"",
341,9,"Scale-21",95800,18-JAN-25,"pawan10035",,"",1,0,"",
342,9,"Scale-22",98700,18-JAN-25,"pawan10035",,"",1,0,"",
343,9,"Scale-23",101700,18-JAN-25,"pawan10035",,"",1,0,"",
344,9,"Scale-24",104800,18-JAN-25,"pawan10035",,"",1,0,"",
345,9,"Scale-25",107900,18-JAN-25,"pawan10035",,"",1,0,"",
346,9,"Scale-26",111100,18-JAN-25,"pawan10035",,"",1,0,"",
347,9,"Scale-27",114400,18-JAN-25,"pawan10035",,"",1,0,"",
348,9,"Scale-28",117800,18-JAN-25,"pawan10035",,"",1,0,"",
349,9,"Scale-29",121300,18-JAN-25,"pawan10035",,"",1,0,"",
350,9,"Scale-30",124900,18-JAN-25,"pawan10035",,"",1,0,"",
351,9,"Scale-31",128600,18-JAN-25,"pawan10035",,"",1,0,"",
352,9,"Scale-32",132500,18-JAN-25,"pawan10035",,"",1,0,"",
353,9,"Scale-33",136500,18-JAN-25,"pawan10035",,"",1,0,"",
354,9,"Scale-34",140600,18-JAN-25,"pawan10035",,"",1,0,"",
355,9,"Scale-35",144800,18-JAN-25,"pawan10035",,"",1,0,"",
356,9,"Scale-36",149100,18-JAN-25,"pawan10035",,"",1,0,"",
357,9,"Scale-37",153600,18-JAN-25,"pawan10035",,"",1,0,"",
358,9,"Scale-38",158200,18-JAN-25,"pawan10035",,"",1,0,"",
359,9,"Scale-39",162900,18-JAN-25,"pawan10035",,"",1,0,"",
360,9,"Scale-40",167800,18-JAN-25,"pawan10035",,"",1,0,"",
361,10,"Scale-1",56100,18-JAN-25,"pawan10035",,"",1,0,"",
362,10,"Scale-2",57800,18-JAN-25,"pawan10035",,"",1,0,"",
363,10,"Scale-3",59500,18-JAN-25,"pawan10035",,"",1,0,"",
364,10,"Scale-4",61300,18-JAN-25,"pawan10035",,"",1,0,"",
365,10,"Scale-5",63100,18-JAN-25,"pawan10035",,"",1,0,"",
366,10,"Scale-6",65000,18-JAN-25,"pawan10035",,"",1,0,"",
367,10,"Scale-7",67000,18-JAN-25,"pawan10035",,"",1,0,"",
368,10,"Scale-8",69000,18-JAN-25,"pawan10035",,"",1,0,"",
369,10,"Scale-9",71100,18-JAN-25,"pawan10035",,"",1,0,"",
370,10,"Scale-10",73200,18-JAN-25,"pawan10035",,"",1,0,"",
371,10,"Scale-11",75400,18-JAN-25,"pawan10035",,"",1,0,"",
372,10,"Scale-12",77700,18-JAN-25,"pawan10035",,"",1,0,"",
373,10,"Scale-13",80000,18-JAN-25,"pawan10035",,"",1,0,"",
374,10,"Scale-14",82400,18-JAN-25,"pawan10035",,"",1,0,"",
375,10,"Scale-15",84900,18-JAN-25,"pawan10035",,"",1,0,"",
376,10,"Scale-16",87400,18-JAN-25,"pawan10035",,"",1,0,"",
377,10,"Scale-17",90000,18-JAN-25,"pawan10035",,"",1,0,"",
378,10,"Scale-18",92700,18-JAN-25,"pawan10035",,"",1,0,"",
379,10,"Scale-19",95500,18-JAN-25,"pawan10035",,"",1,0,"",
380,10,"Scale-20",98400,18-JAN-25,"pawan10035",,"",1,0,"",
381,10,"Scale-21",101400,18-JAN-25,"pawan10035",,"",1,0,"",
382,10,"Scale-22",104400,18-JAN-25,"pawan10035",,"",1,0,"",
383,10,"Scale-23",107500,18-JAN-25,"pawan10035",,"",1,0,"",
384,10,"Scale-24",110700,18-JAN-25,"pawan10035",,"",1,0,"",
385,10,"Scale-25",114000,18-JAN-25,"pawan10035",,"",1,0,"",
386,10,"Scale-26",117400,18-JAN-25,"pawan10035",,"",1,0,"",
387,10,"Scale-27",120900,18-JAN-25,"pawan10035",,"",1,0,"",
388,10,"Scale-28",124500,18-JAN-25,"pawan10035",,"",1,0,"",
389,10,"Scale-29",128200,18-JAN-25,"pawan10035",,"",1,0,"",
390,10,"Scale-30",132000,18-JAN-25,"pawan10035",,"",1,0,"",
391,10,"Scale-31",136000,18-JAN-25,"pawan10035",,"",1,0,"",
392,10,"Scale-32",140100,18-JAN-25,"pawan10035",,"",1,0,"",
393,10,"Scale-33",144300,18-JAN-25,"pawan10035",,"",1,0,"",
394,10,"Scale-34",148600,18-JAN-25,"pawan10035",,"",1,0,"",
395,10,"Scale-35",153100,18-JAN-25,"pawan10035",,"",1,0,"",
396,10,"Scale-36",157700,18-JAN-25,"pawan10035",,"",1,0,"",
397,10,"Scale-37",162400,18-JAN-25,"pawan10035",,"",1,0,"",
398,10,"Scale-38",167300,18-JAN-25,"pawan10035",,"",1,0,"",
399,10,"Scale-39",172300,18-JAN-25,"pawan10035",,"",1,0,"",
400,10,"Scale-40",177500,18-JAN-25,"pawan10035",,"",1,0,"",
401,11,"Scale-1",57700,18-JAN-25,"pawan10035",,"",1,0,"",
402,11,"Scale-2",69700,18-JAN-25,"pawan10035",,"",1,0,"",
403,11,"Scale-3",71800,18-JAN-25,"pawan10035",,"",1,0,"",
404,11,"Scale-4",74000,18-JAN-25,"pawan10035",,"",1,0,"",
405,11,"Scale-5",76200,18-JAN-25,"pawan10035",,"",1,0,"",
406,11,"Scale-6",78500,18-JAN-25,"pawan10035",,"",1,0,"",
407,11,"Scale-7",80900,18-JAN-25,"pawan10035",,"",1,0,"",
408,11,"Scale-8",83300,18-JAN-25,"pawan10035",,"",1,0,"",
409,11,"Scale-9",85800,18-JAN-25,"pawan10035",,"",1,0,"",
410,11,"Scale-10",88400,18-JAN-25,"pawan10035",,"",1,0,"",
411,11,"Scale-11",91100,18-JAN-25,"pawan10035",,"",1,0,"",
412,11,"Scale-12",93800,18-JAN-25,"pawan10035",,"",1,0,"",
413,11,"Scale-13",96600,18-JAN-25,"pawan10035",,"",1,0,"",
414,11,"Scale-14",99500,18-JAN-25,"pawan10035",,"",1,0,"",
415,11,"Scale-15",102500,18-JAN-25,"pawan10035",,"",1,0,"",
416,11,"Scale-16",105600,18-JAN-25,"pawan10035",,"",1,0,"",
417,11,"Scale-17",108800,18-JAN-25,"pawan10035",,"",1,0,"",
418,11,"Scale-18",122100,18-JAN-25,"pawan10035",,"",1,0,"",
419,11,"Scale-19",115500,18-JAN-25,"pawan10035",,"",1,0,"",
420,11,"Scale-20",119000,18-JAN-25,"pawan10035",,"",1,0,"",
421,11,"Scale-21",122600,18-JAN-25,"pawan10035",,"",1,0,"",
422,11,"Scale-22",126300,18-JAN-25,"pawan10035",,"",1,0,"",
423,11,"Scale-23",130100,18-JAN-25,"pawan10035",,"",1,0,"",
424,11,"Scale-24",134000,18-JAN-25,"pawan10035",,"",1,0,"",
425,11,"Scale-25",138000,18-JAN-25,"pawan10035",,"",1,0,"",
426,11,"Scale-26",142100,18-JAN-25,"pawan10035",,"",1,0,"",
427,11,"Scale-27",146400,18-JAN-25,"pawan10035",,"",1,0,"",
428,11,"Scale-28",150800,18-JAN-25,"pawan10035",,"",1,0,"",
429,11,"Scale-29",155300,18-JAN-25,"pawan10035",,"",1,0,"",
430,11,"Scale-30",160000,18-JAN-25,"pawan10035",,"",1,0,"",
431,11,"Scale-31",164800,18-JAN-25,"pawan10035",,"",1,0,"",
432,11,"Scale-32",169700,18-JAN-25,"pawan10035",,"",1,0,"",
